mean_fit_time,std_fit_time,mean_score_time,std_score_time,param_SVM__alpha,param_SVM__gamma_frac,param_SVM__n_iter,params,split0_test_score,split1_test_score,split2_test_score,split3_test_score,split4_test_score,mean_test_score,std_test_score,rank_test_score,split0_train_score,split1_train_score,split2_train_score,split3_train_score,split4_train_score,mean_train_score,std_train_score
21.276378631591797,2.1776662124649855,0.1713968276977539,0.01835831702422565,0.1,0.2,1034,"{'SVM__alpha': 0.1, 'SVM__gamma_frac': 0.2, 'SVM__n_iter': 1034}",0.6377517868745939,0.6377517868745939,0.5594311221841588,0.6026640675763483,0.5310971348707197,0.5938792100291097,0.04251561450115128,170,0.68736220051068,0.6908226367276211,0.6841343669250647,0.6403345050935308,0.6678799513966273,0.6741067321307048,0.01862803524473523
19.62962141036987,1.9105137573659483,0.148178768157959,0.04803008423626913,0.1,0.4,1034,"{'SVM__alpha': 0.1, 'SVM__gamma_frac': 0.4, 'SVM__n_iter': 1034}",0.839544394755953,0.8187634327985205,0.7908232118758436,0.8219661579985467,0.735152312075389,0.8013909189996975,0.0364837405432232,148,0.860279344984175,0.8482609475608686,0.86196634338299,0.8573828144382231,0.8256769104225633,0.850713272157764,0.013382506943135886
19.943223476409912,1.7405228448412149,0.16302900314331054,0.029132420947919957,0.1,0.6000000000000001,1034,"{'SVM__alpha': 0.1, 'SVM__gamma_frac': 0.6000000000000001, 'SVM__n_iter': 1034}",0.8121966135382028,0.8276756981210421,0.7377283335447979,0.7750441191736739,0.6902257286872671,0.7687397886500329,0.04999006669727333,161,0.8109019463938965,0.7977088462169702,0.8342679170531185,0.7769768586903004,0.8058902796133613,0.8051491695935293,0.01860420733150237
19.137363719940186,2.8318178484187295,0.14698023796081544,0.03280015528279912,0.1,0.8,1034,"{'SVM__alpha': 0.1, 'SVM__gamma_frac': 0.8, 'SVM__n_iter': 1034}",0.8144478844169245,0.825703311533271,0.7214378813569098,0.757500259524551,0.6717072101687485,0.7583488815865818,0.05747739584555178,164,0.8020130575050075,0.7730247825373378,0.8100762216649683,0.7443886427047431,0.7912552800020731,0.784151596882826,0.0234370594655497
21.238203048706055,1.8543186015844475,0.11920323371887206,0.02338802905818714,0.1,1.0,1034,"{'SVM__alpha': 0.1, 'SVM__gamma_frac': 1.0, 'SVM__n_iter': 1034}",0.779360165118679,0.817558085439327,0.7337835603692555,0.7535554863490085,0.6717072101687485,0.7513476894511792,0.04854906448431389,167,0.7886797241716742,0.7502500391222867,0.7884196504566813,0.7355128836369604,0.7784782988435583,0.7682681192462322,0.021561643092953334
20.48289566040039,2.8327651900848383,0.13839807510375976,0.04080615074946667,0.1,1.2,1034,"{'SVM__alpha': 0.1, 'SVM__gamma_frac': 1.2, 'SVM__n_iter': 1034}",0.779360165118679,0.817558085439327,0.7555278729367799,0.7360116266998856,0.6697348235809774,0.7517969341370254,0.04906930006117454,166,0.7842352797272297,0.7516669910953859,0.7830637521517259,0.7211948137206631,0.7666860542680077,0.7613693781926024,0.023366190553252772
22.804420948028564,1.5204400981499795,0.13958215713500977,0.02606608024263809,0.1,1.4000000000000001,1034,"{'SVM__alpha': 0.1, 'SVM__gamma_frac': 1.4000000000000001, 'SVM__n_iter': 1034}",0.7969040247678019,0.8113852459331541,0.7379840132876572,0.7360116266998856,0.688253342099496,0.7542519888463718,0.04475797417860422,165,0.7900233934223201,0.762957568540338,0.7830637521517259,0.7211948137206631,0.773914774216026,0.7662308604102146,0.024279346547951285
21.052908897399902,3.034877963947262,0.1124002456665039,0.01804211247137933,0.1,1.6,1034,"{'SVM__alpha': 0.1, 'SVM__gamma_frac': 1.6, 'SVM__n_iter': 1034}",0.8082750449107517,0.8052124064269813,0.7399563998754283,0.7535554863490085,0.7004825524419137,0.7616360027469108,0.040826748029159594,163,0.8091448404507439,0.7733235623036728,0.7889853014706164,0.7256392581651075,0.7772498975432455,0.7748685719866772,0.02758886636602896
21.96925268173218,1.231206345282911,0.1211784839630127,0.015140157038729311,0.1,1.8,1034,"{'SVM__alpha': 0.1, 'SVM__gamma_frac': 1.8, 'SVM__n_iter': 1034}",0.8258189045598745,0.7948391140024068,0.7399563998754283,0.806187065296377,0.7146841493721029,0.776440011428878,0.041934121461922894,159,0.8164833417427335,0.7732502795812197,0.8087325524143223,0.7794649597899228,0.7802752511510189,0.7916412769358434,0.01746377912382135
20.823091506958008,1.9480728367483329,0.12953824996948243,0.0248347755989773,0.1,2.0,1034,"{'SVM__alpha': 0.1, 'SVM__gamma_frac': 2.0, 'SVM__n_iter': 1034}",0.8317012575010512,0.7987838871779491,0.7849060521125301,0.8081594518841483,0.7083948411960023,0.7865555997717584,0.04178842567924901,158,0.836590982065043,0.7958183046500177,0.8309416448154383,0.8188260260535347,0.8041084438762535,0.8172570802920575,0.015466327265315511
22.176386404037476,2.5455078973158223,0.11840176582336426,0.025799539282394528,0.03162277660168379,0.2,1034,"{'SVM__alpha': 0.03162277660168379, 'SVM__gamma_frac': 0.2, 'SVM__n_iter': 1034}",0.9281657302297137,0.880234225713308,0.8347732139904881,0.923978530591216,0.7731796773886759,0.8682729527133959,0.0582278139772085,137,0.9570137455468405,0.9683081233134476,0.9414347383005279,0.9694525551624243,0.943481063016423,0.9559380450679328,0.011851921864707722
18.895006227493287,0.9435419962196412,0.14244294166564941,0.025114402486089153,0.03162277660168379,0.4,1034,"{'SVM__alpha': 0.03162277660168379, 'SVM__gamma_frac': 0.4, 'SVM__n_iter': 1034}",0.8574819401444789,0.8548258109661617,0.7984570784840691,0.8493719505865255,0.7651330017077477,0.825179903353071,0.036898334312962446,142,0.8606664831888446,0.8717216477925488,0.8906965293760665,0.8948421940541759,0.8945112932777811,0.8824876295378834,0.013832270830183534
18.773560953140258,2.4588724931762678,0.13443217277526856,0.030148945099364274,0.03162277660168379,0.6000000000000001,1034,"{'SVM__alpha': 0.03162277660168379, 'SVM__gamma_frac': 0.6000000000000001, 'SVM__n_iter': 1034}",0.8379772961816305,0.8412267244925814,0.7749960590716328,0.8123118447005087,0.7568485645408721,0.8047787580661774,0.033650868593525216,146,0.8202510588199319,0.8460397177088461,0.8679819388623622,0.8514688987362548,0.8620837304432372,0.8495650689141264,0.016560566669564198
17.63896236419678,1.4817824169471763,0.1289982318878174,0.023331102965588008,0.03162277660168379,0.8,1034,"{'SVM__alpha': 0.03162277660168379, 'SVM__gamma_frac': 0.8, 'SVM__n_iter': 1034}",0.8360165118679049,0.8431991110803525,0.7418807263611583,0.825910931174089,0.7363576594345825,0.7968053074054391,0.04731400394133091,152,0.8237093099704907,0.8282619399310684,0.8472499513356921,0.8391203019858856,0.849418203997877,0.8375519414442028,0.010151274913703268
19.584595680236816,1.1962328128744555,0.13196983337402343,0.021137339530827717,0.03162277660168379,1.0,1034,"{'SVM__alpha': 0.03162277660168379, 'SVM__gamma_frac': 1.0, 'SVM__n_iter': 1034}",0.8496388028895769,0.847143884255895,0.6986477809689686,0.8103394581127374,0.7529037913653298,0.7918468741749759,0.058236687540000186,153,0.8242089812393928,0.7917216477925488,0.7873692647681864,0.8173302951537984,0.8391691692988695,0.8119598716505593,0.019664748483558533
19.005576515197752,1.8613063434168862,0.13779692649841307,0.0378513849911758,0.03162277660168379,1.2,1034,"{'SVM__alpha': 0.03162277660168379, 'SVM__gamma_frac': 1.2, 'SVM__n_iter': 1034}",0.845717234262126,0.8513443371742966,0.6648134691319577,0.8278833177618603,0.7509314047775587,0.78824712745806,0.07142359512500455,157,0.8192069171138939,0.7823403906121779,0.7418799308394306,0.8008961866266665,0.8352302229670132,0.7959107296318365,0.032301922568278796
19.387199687957764,2.3811550673631583,0.1146005630493164,0.019041261659262856,0.03162277660168379,1.4000000000000001,1034,"{'SVM__alpha': 0.03162277660168379, 'SVM__gamma_frac': 1.4000000000000001, 'SVM__n_iter': 1034}",0.8281733746130031,0.8493719505865255,0.6433248363072925,0.806394684937195,0.7245233399079553,0.7704812802249579,0.0763454845026733,160,0.794026115010015,0.7774035778762514,0.7258780377024341,0.7818009992404552,0.8225854518126928,0.7803388363283698,0.03146061145981175
18.47738709449768,1.4225435244498439,0.11880002021789551,0.02417927082147496,0.03162277660168379,1.6,1034,"{'SVM__alpha': 0.03162277660168379, 'SVM__gamma_frac': 1.6, 'SVM__n_iter': 1034}",0.791124871001032,0.8414824042354406,0.6507510832747001,0.8024499117616527,0.7390970852509314,0.7650455142574429,0.06583846246466753,162,0.7646872467623811,0.7769243394058756,0.7223581769396067,0.7724328718811906,0.8279108035968799,0.7728626877171868,0.033658640084487775
18.776182651519775,1.9961904588476973,0.12460260391235352,0.02530582825213279,0.03162277660168379,1.8,1034,"{'SVM__alpha': 0.03162277660168379, 'SVM__gamma_frac': 1.8, 'SVM__n_iter': 1034}",0.7891640866873065,0.8180213848230041,0.6292624504500348,0.7809612789369873,0.7205785667324129,0.7476766308681728,0.06716154754584759,168,0.7602493769398959,0.7670638437551288,0.7012071038439078,0.758547017355028,0.8146414541468833,0.7603417592081688,0.03603825852881007
18.533799648284912,2.8872886321169005,0.1310187816619873,0.01604852260719981,0.03162277660168379,2.0,1034,"{'SVM__alpha': 0.03162277660168379, 'SVM__gamma_frac': 2.0, 'SVM__n_iter': 1034}",0.7852425180598555,0.7965327519983391,0.6510067630175593,0.7634174192878646,0.7166337935568704,0.7426448473479772,0.05336244818386214,169,0.7523532559668519,0.7532512719514196,0.7144070015534411,0.736890446146741,0.8160071043081746,0.7545818159853257,0.03378402922722264
19.171204996109008,2.588532506099563,0.12891726493835448,0.024705978963209415,0.01,0.2,1034,"{'SVM__alpha': 0.01, 'SVM__gamma_frac': 0.2, 'SVM__n_iter': 1034}",0.9742193173565723,0.9306146694810662,0.8779830905336979,0.9447251154403651,0.8790496983530365,0.9214320575537776,0.037682876370905775,94,0.9729461951286639,0.9710630956606704,0.9724669178126635,0.9672575849526144,0.9741116735435065,0.9715690934196237,0.002366953756933209
18.122949838638306,1.980883907296492,0.15745148658752442,0.04222220966585293,0.01,0.4,1034,"{'SVM__alpha': 0.01, 'SVM__gamma_frac': 0.4, 'SVM__n_iter': 1034}",0.9722585330428467,0.935070802142327,0.8903287695460436,0.9076650095543481,0.920403656978403,0.9251921669685413,0.027822943854443477,87,0.9697723346023882,0.9742371535769221,0.9627267279646106,0.9649291791190042,0.978248934881654,0.9699828660289158,0.005738684018005461
18.188630962371825,2.253988753916687,0.11617193222045899,0.02306051522559531,0.01,0.6000000000000001,1034,"{'SVM__alpha': 0.01, 'SVM__gamma_frac': 0.6000000000000001, 'SVM__n_iter': 1034}",0.9628482972136223,0.8940659230807678,0.8688401367213784,0.8787501297622754,0.9018851384598844,0.9013278472521693,0.032933677090608744,122,0.918482485512897,0.9294469062859018,0.9232923789785458,0.9328333314249292,0.9636139352703659,0.9335338074945281,0.015833108770336838
18.23018913269043,0.9445336954121354,0.12256979942321777,0.010004673119574994,0.01,0.8,1034,"{'SVM__alpha': 0.01, 'SVM__gamma_frac': 0.8, 'SVM__n_iter': 1034}",0.8380804953560371,0.8530610440192087,0.7556874324755567,0.8241461642271359,0.8589309416595338,0.8259367158184493,0.037168019695311624,141,0.8300932678929102,0.8474774331199738,0.8661666647582625,0.8726669949121943,0.9480149543671532,0.8728838630100988,0.04041378572436248
17.21328148841858,1.9586176552339976,0.11477255821228027,0.025379927934325582,0.01,1.0,1034,"{'SVM__alpha': 0.01, 'SVM__gamma_frac': 1.0, 'SVM__n_iter': 1034}",0.8244582043343653,0.8491162708436661,0.7146825534139974,0.8162566178760511,0.8384400365532441,0.808554482566078,0.04830300273558149,145,0.794051190312371,0.8213162645658953,0.8336517314951584,0.858348924995897,0.9055870604077347,0.8425910343554113,0.0376973575752185
18.41472282409668,1.4915589705156307,0.1577988624572754,0.03858541152522703,0.01,1.2,1034,"{'SVM__alpha': 0.01, 'SVM__gamma_frac': 1.2, 'SVM__n_iter': 1034}",0.8244582043343653,0.8533167237620678,0.6951663071771035,0.8513443371742967,0.7974582263406645,0.8043767916116373,0.05829998742212274,147,0.7989953060257176,0.7897259149844083,0.8257607090103398,0.8572307527891329,0.8845305177161407,0.8312486401051478,0.03552058645256103
18.416580867767333,2.9221516936911547,0.11666598320007324,0.02856557900876067,0.01,1.4000000000000001,1034,"{'SVM__alpha': 0.01, 'SVM__gamma_frac': 1.4000000000000001, 'SVM__n_iter': 1034}",0.8244582043343653,0.855289110349839,0.691221534001561,0.8039109388637055,0.776967321234375,0.7904197881617506,0.055832050820774186,156,0.8039328471171047,0.7783751846381092,0.8039707021782526,0.8382615200821378,0.8688446765197912,0.8186769861070792,0.03149047714964374
16.721353101730347,1.8070209030436388,0.13323736190795898,0.016695175160803943,0.01,1.6,1034,"{'SVM__alpha': 0.01, 'SVM__gamma_frac': 1.6, 'SVM__n_iter': 1034}",0.8205366357069144,0.8471438842558949,0.7067930070629127,0.819482411925057,0.7915410665773509,0.7971279816710998,0.048482196043301014,151,0.8133148326529365,0.7818348924995896,0.786698422513063,0.8220529085988879,0.8722459048491079,0.815229392222717,0.032342904849406016
17.250018644332886,0.6190508040578359,0.1536189556121826,0.019991471071285512,0.01,1.8,1034,"{'SVM__alpha': 0.01, 'SVM__gamma_frac': 1.8, 'SVM__n_iter': 1034}",0.8321981424148606,0.8533167237620678,0.7048206204751414,0.7937933261819902,0.7710501614710613,0.7911029028960398,0.05182299538861372,155,0.8132503096188249,0.775913343180699,0.7733650891797298,0.8006819873358296,0.8642811518922586,0.8054983762414685,0.03300462726645276
18.389845991134642,2.1250800456846375,0.1579540729522705,0.014244937983879493,0.01,2.0,1034,"{'SVM__alpha': 0.01, 'SVM__gamma_frac': 2.0, 'SVM__n_iter': 1034}",0.8786568818560562,0.8471438842558949,0.6677605145891248,0.791820939594219,0.7710501614710613,0.7913922191450555,0.07276273272413174,154,0.881547023836827,0.7961660922369932,0.7506504986660254,0.7824851239890229,0.8628040470178125,0.8147305571493362,0.049530115810761936
15.860000944137573,2.059289834276785,0.13437361717224122,0.039961520335187524,0.0031622776601683794,0.2,1034,"{'SVM__alpha': 0.0031622776601683794, 'SVM__gamma_frac': 0.2, 'SVM__n_iter': 1034}",0.9778503994190269,0.9488775082567256,0.9325870560688376,0.9464418222852771,0.9491562568485645,0.9510078529878433,0.014781849732486925,24,0.981542131094904,0.986632773407532,0.978954118145489,0.9845900175191509,0.9841120046683809,0.9831662089670914,0.002657749700238082
15.476291990280151,1.1842974728130262,0.13194360733032226,0.03134864042679911,0.0031622776601683794,0.4,1034,"{'SVM__alpha': 0.0031622776601683794, 'SVM__gamma_frac': 0.4, 'SVM__n_iter': 1034}",0.9840232389251997,0.9664213679058483,0.9563037552241332,0.9526146617914498,0.9799039857095008,0.9678468416708769,0.012448814560981214,3,0.9810490344479611,0.9805045057423882,0.9809235913114172,0.9840976492276687,0.9835535313748016,0.9820256624208472,0.001490623590057837
15.052199602127075,1.7676983229528145,0.12783656120300294,0.023306109594968847,0.0031622776601683794,0.6000000000000001,1034,"{'SVM__alpha': 0.0031622776601683794, 'SVM__gamma_frac': 0.6000000000000001, 'SVM__n_iter': 1034}",0.9840232389251997,0.9664213679058483,0.9563037552241332,0.9464418222852771,0.9736146775334003,0.9653627547207048,0.013107874282733798,8,0.9779482592541626,0.978954118145489,0.9809235913114172,0.9791608364917423,0.9835535313748016,0.9801080673155227,0.0019712898190839077
15.296398019790649,1.8341601759547947,0.1578299045562744,0.02992715351727613,0.0031622776601683794,0.8,1034,"{'SVM__alpha': 0.0031622776601683794, 'SVM__gamma_frac': 0.8, 'SVM__n_iter': 1034}",0.9840232389251997,0.9409879619056406,0.8984739956399875,0.9135821693176618,0.9223760435661741,0.9319475402941452,0.02951960715100794,74,0.9691304680213446,0.9683024744369253,0.9558805949641028,0.964842766575445,0.9714464782230208,0.9659205564441677,0.005449318024961055
18.02939667701721,0.6952616559618524,0.13034849166870116,0.032028579606847574,0.0031622776601683794,1.0,1034,"{'SVM__alpha': 0.0031622776601683794, 'SVM__gamma_frac': 1.0, 'SVM__n_iter': 1034}",0.9625578106486259,0.8824392231949586,0.8512962770722555,0.8280909374026783,0.834100372561911,0.8718342723892379,0.049263848564412516,136,0.9464862468082504,0.8884490398818315,0.9094666773537303,0.8809771029660418,0.940318460547671,0.913139505511505,0.026488599997557614
17.329452180862425,2.8520514062563325,0.16452341079711913,0.035678413379836064,0.0031622776601683794,1.2,1034,"{'SVM__alpha': 0.0031622776601683794, 'SVM__gamma_frac': 1.2, 'SVM__n_iter': 1034}",0.8728777280892863,0.8550334306069798,0.771003225794049,0.8280909374026783,0.8281832127985974,0.8310770361438024,0.034523720995339256,140,0.8670570157332234,0.8257475791892335,0.8656611666456743,0.8399923663830778,0.942689602582966,0.868229546106835,0.04038397514584745
19.45237684249878,1.7590932358891678,0.17079997062683105,0.039046560159333894,0.0031622776601683794,1.4000000000000001,1034,"{'SVM__alpha': 0.0031622776601683794, 'SVM__gamma_frac': 1.4000000000000001, 'SVM__n_iter': 1034}",0.8244582043343653,0.8530610440192086,0.7495145929693838,0.8300633239904495,0.8096646942800788,0.813367658260875,0.034852978978088506,144,0.8049124657890312,0.8104447726899721,0.8360402902301154,0.860737483730854,0.8651739893253019,0.8354618003530548,0.02482386960034729
20.83538951873779,1.6954618583309962,0.20717616081237794,0.05292343042730806,0.0031622776601683794,1.6,1034,"{'SVM__alpha': 0.0031622776601683794, 'SVM__gamma_frac': 1.6, 'SVM__n_iter': 1034}",0.8420020639834881,0.8491162708436661,0.7280259601447187,0.8300633239904495,0.8199215180347256,0.8138390489505374,0.04407436068864946,143,0.8187388957693073,0.7946495978992285,0.818275642273444,0.809386753384555,0.9215216051782172,0.8325144989009505,0.045350679351236274
19.018215274810792,2.0059260714452196,0.17901740074157715,0.03156227403788137,0.0031622776601683794,1.8,1034,"{'SVM__alpha': 0.0031622776601683794, 'SVM__gamma_frac': 1.8, 'SVM__n_iter': 1034}",0.8244582043343653,0.8491162708436661,0.7124544870833671,0.8241461642271359,0.7809120944099173,0.7982677762389908,0.0482001752124596,150,0.8019538859073744,0.7951419661907106,0.8137579151065463,0.8558138008160336,0.8800784478017627,0.8293492031644856,0.032977440539345815
18.999174737930296,2.674319430625889,0.14379634857177734,0.03732755444046355,0.0031622776601683794,2.0,1034,"{'SVM__alpha': 0.0031622776601683794, 'SVM__gamma_frac': 2.0, 'SVM__n_iter': 1034}",0.8244582043343653,0.8491162708436661,0.692938240846473,0.8476071836395722,0.7809120944099173,0.7990573834420357,0.05850263034237296,149,0.8177592770973809,0.7847759724273755,0.7817353501349241,0.8621544357039531,0.8527779217451145,0.8198405914217496,0.03335025617542885
18.433404779434206,1.9750704562232275,0.1485647201538086,0.03979685766833605,0.001,0.2,1034,"{'SVM__alpha': 0.001, 'SVM__gamma_frac': 0.2, 'SVM__n_iter': 1034}",0.9840232389251997,0.9508498948444968,0.9469051216689545,0.9523589820485906,0.9408945620846926,0.9550537052201522,0.015058527456041717,17,0.990138067061144,0.9906450024618413,0.9881098782819783,0.9896602658788773,0.9783603895948088,0.98738272065573,0.004590268938222887
18.593421316146852,0.8712866122805987,0.1462000846862793,0.023289423701726212,0.001,0.4,1034,"{'SVM__alpha': 0.001, 'SVM__gamma_frac': 0.4, 'SVM__n_iter': 1034}",0.9840232389251997,0.9664213679058483,0.9800204543794289,0.9565594349669924,0.9471838702607933,0.9668884037853294,0.013856590492601652,6,0.9881656804733728,0.9911373707533234,0.9866327734075321,0.9876175099904961,0.9871323194193702,0.9881371308088189,0.001583982179316001
18.79160108566284,1.197051241492765,0.22963361740112304,0.07117012501219011,0.001,0.6000000000000001,1034,"{'SVM__alpha': 0.001, 'SVM__gamma_frac': 0.6000000000000001, 'SVM__n_iter': 1034}",0.9840232389251997,0.9488775082567256,0.9624765947303061,0.9526146617914498,0.967674775367083,0.9631431217728008,0.012438543408920423,10,0.9840787119856887,0.9856480368245679,0.9855747541021149,0.9812035923801237,0.9871323194193702,0.984727482942373,0.0020093399313305706
16.582536935806274,2.437350324698435,0.20571546554565429,0.039452993949556155,0.001,0.8,1034,"{'SVM__alpha': 0.001, 'SVM__gamma_frac': 0.8, 'SVM__n_iter': 1034}",0.9798111837327523,0.9488775082567256,0.9273888754320604,0.9464418222852771,0.9491562568485645,0.9503614599970535,0.01684510868146795,28,0.9799917434980048,0.9840976492276686,0.9746431093248448,0.9767591479356792,0.986639951127888,0.9804263202228171,0.004453546979432095
17.190557718276978,0.8021153433770026,0.17119855880737306,0.03895204657967263,0.001,1.0,1034,"{'SVM__alpha': 0.001, 'SVM__gamma_frac': 1.0, 'SVM__n_iter': 1034}",0.9840232389251997,0.9234441022565179,0.8984739956399875,0.9464418222852771,0.9101468332237561,0.9325855977804105,0.030328420018808432,71,0.9774551626072199,0.9679435417692432,0.9509437822281765,0.9767591479356792,0.972497319808082,0.9691197908696803,0.009705634983831191
17.68119888305664,1.3532143315641059,0.1408018112182617,0.03987678445860748,0.001,1.2,1034,"{'SVM__alpha': 0.001, 'SVM__gamma_frac': 1.2, 'SVM__n_iter': 1034}",0.9840232389251997,0.9019554694318527,0.8750129762275513,0.9464418222852771,0.8545912776682006,0.9125598333679108,0.047201946034739976,114,0.9721601455590723,0.9388150336451664,0.9061535349371562,0.9747163920472979,0.9417955654221171,0.946728134322162,0.025153032737921
16.521998596191406,1.739093654399062,0.14520263671875,0.02863229039447994,0.001,1.4000000000000001,1034,"{'SVM__alpha': 0.001, 'SVM__gamma_frac': 1.4000000000000001, 'SVM__n_iter': 1034}",0.973928830791576,0.876522063431645,0.8668677501336072,0.9311260289667846,0.8136094674556212,0.8926086120466955,0.055221650030190014,128,0.9748474840603643,0.9131462333825701,0.9017090904927118,0.9733125698953049,0.899814690043123,0.9325660135748148,0.034205062070654796
17.683346223831176,1.4473231038712417,0.11500086784362792,0.01843124072559161,0.001,1.6,1034,"{'SVM__alpha': 0.001, 'SVM__gamma_frac': 1.6, 'SVM__n_iter': 1034}",0.9778503994190269,0.8570058171947509,0.8606949106274343,0.9177826222360634,0.7931185623493315,0.8815161891950036,0.062343866109571204,135,0.9743543874134215,0.8894469062859018,0.9135653189515991,0.9392472490353017,0.8739912688609208,0.9181210261094289,0.03577402216366839
15.952999019622803,0.472932510903917,0.15660276412963867,0.0556651665986357,0.001,1.8,1034,"{'SVM__alpha': 0.001, 'SVM__gamma_frac': 1.8, 'SVM__n_iter': 1034}",0.9138478003287084,0.8570058171947509,0.751486979557155,0.9353264818851862,0.7663383490669413,0.8449879939504702,0.0747889491378491,139,0.8853213155359847,0.8410503856884949,0.8271514013412266,0.9451687983541922,0.8528686211672296,0.8703121044174257,0.04207652701078588
17.64473714828491,1.3740355486555587,0.14138970375061036,0.016361093456287643,0.001,2.0,1034,"{'SVM__alpha': 0.001, 'SVM__gamma_frac': 2.0, 'SVM__n_iter': 1034}",0.9761801016702978,0.8530610440192086,0.7517426593000144,0.9236997819993771,0.7848568675854597,0.8581267629226583,0.08365436916978185,138,0.9592105866703362,0.831176760216642,0.8212429818434422,0.9539844045206279,0.8582393226624744,0.8847708111827046,0.05990630844912227
15.812407970428467,1.3253619397128293,0.1461777687072754,0.007737040890550141,0.00031622776601683794,0.2,1034,"{'SVM__alpha': 0.00031622776601683794, 'SVM__gamma_frac': 0.2, 'SVM__n_iter': 1034}",0.9600160532049077,0.9323313763259781,0.9385042158321512,0.9543313686363618,0.9468117218480062,0.9464095274479578,0.010098794826343587,41,0.989638395792242,0.9950763170851796,0.9931068439192516,0.9940915805022156,0.9916750887558631,0.9927176452109505,0.0019063686828138767
16.70437135696411,2.2309825477429888,0.13223762512207032,0.03288227721215207,0.00031622776601683794,0.4,1034,"{'SVM__alpha': 0.00031622776601683794, 'SVM__gamma_frac': 0.4, 'SVM__n_iter': 1034}",0.9743225165309789,0.9466494419260952,0.9602485283996756,0.9686494342364786,0.9491562568485645,0.9598348594414787,0.010733581191251665,12,0.989638395792242,0.9960610536681437,0.9955686853766618,0.9960610536681438,0.991608983753766,0.9937876344517914,0.0026635206994295125
15.717122554779053,2.672808757487292,0.13378443717956542,0.02489875749335936,0.00031622776601683794,0.6000000000000001,1034,"{'SVM__alpha': 0.00031622776601683794, 'SVM__gamma_frac': 0.6000000000000001, 'SVM__n_iter': 1034}",0.9918663761801016,0.9664213679058483,0.9839652275549712,0.9484142088730483,0.9491562568485645,0.9680155713020813,0.017699642991349476,2,0.9915462593459017,0.9935992122107336,0.9905717197393884,0.9935259294882804,0.9940254755001185,0.9926537192568846,0.0013488967528813782
15.379182243347168,0.9254265786433996,0.13600101470947265,0.01994284677221168,0.00031622776601683794,0.8,1034,"{'SVM__alpha': 0.00031622776601683794, 'SVM__gamma_frac': 0.8, 'SVM__n_iter': 1034}",0.9899055918663763,0.9644489813180771,0.9666770476487077,0.9659580685221711,0.9491562568485645,0.9672778428945512,0.013043135303566909,4,0.9846363316667431,0.9906450024618413,0.9866327734075321,0.9910640880308703,0.9915636340427084,0.9889083659219391,0.002761959125151026
14.008834934234619,0.570706475875523,0.12895398139953612,0.02432133255166535,0.00031622776601683794,1.0,1034,"{'SVM__alpha': 0.00031622776601683794, 'SVM__gamma_frac': 1.0, 'SVM__n_iter': 1034}",0.9879448075526507,0.944932735081183,0.9686494342364789,0.9597852290159982,0.9121192198115274,0.9547842112380532,0.025402359531206994,18,0.9713029983334098,0.9738650910881338,0.9850823858106329,0.9812693941579929,0.9798374944692548,0.9782714727718849,0.005016060776304092
16.075180053710938,1.3659360405745689,0.11100077629089355,0.023096101966158782,0.00031622776601683794,1.2,1034,"{'SVM__alpha': 0.00031622776601683794, 'SVM__gamma_frac': 1.2, 'SVM__n_iter': 1034}",0.9758896151053014,0.9234441022565179,0.9160178552891104,0.9464418222852771,0.9121192198115274,0.9348540148423771,0.023770053220637983,67,0.9733681941195359,0.9753553257836861,0.9673046080328551,0.9851556685330859,0.9891017925852982,0.9780571178108923,0.007965882440713975
16.21235556602478,1.504600541655924,0.11919817924499512,0.026746797802435433,0.00031622776601683794,1.4000000000000001,1034,"{'SVM__alpha': 0.00031622776601683794, 'SVM__gamma_frac': 1.4000000000000001, 'SVM__n_iter': 1034}",0.9758896151053015,0.9234441022565179,0.9101006955257969,0.9464418222852771,0.9121192198115274,0.9336696040378097,0.02480404101949707,69,0.973297096463465,0.9590415230592482,0.9426938270756758,0.9860671223935968,0.9891017925852982,0.9700402723154568,0.017318250110268583
15.041175603866577,1.454139304514638,0.11954960823059083,0.02880865019030265,0.00031622776601683794,1.6,1034,"{'SVM__alpha': 0.00031622776601683794, 'SVM__gamma_frac': 1.6, 'SVM__n_iter': 1034}",0.973928830791576,0.868376837337701,0.9236997819993772,0.9659580685221711,0.8671926364234056,0.9199630546616283,0.04579377684707916,99,0.9788633548919774,0.9343837190218283,0.943691693479746,0.986559490685079,0.9246080249313037,0.9536212566019868,0.024627372894880314
17.169781589508055,1.8039469874499876,0.1464000701904297,0.030347818340603416,0.00031622776601683794,1.8,1034,"{'SVM__alpha': 0.00031622776601683794, 'SVM__gamma_frac': 1.8, 'SVM__n_iter': 1034}",0.9524634025150021,0.8876374038317357,0.9110984232441722,0.954587048379221,0.8585587932467467,0.9129916071550919,0.03710847795442499,112,0.9692147149213339,0.9462136878385032,0.9397264875056776,0.976685865213226,0.9572377419011175,0.9578156994759717,0.013770846065333605
16.505425786972047,0.9615740489004416,0.1409745693206787,0.02361115531100831,0.00031622776601683794,2.0,1034,"{'SVM__alpha': 0.00031622776601683794, 'SVM__gamma_frac': 2.0, 'SVM__n_iter': 1034}",0.9316821465428277,0.8658930912642113,0.9071536500686299,0.9432160282362712,0.7852290159982468,0.8868397979199434,0.05709945168923882,133,0.8725587511276243,0.9486153763945663,0.9061535349371562,0.9495268302550773,0.861189693282388,0.9076088371993624,0.036943247715603374
15.629405403137207,1.0855939144112037,0.1177952766418457,0.02055799247921822,0.0001,0.2,1034,"{'SVM__alpha': 0.0001, 'SVM__gamma_frac': 0.2, 'SVM__n_iter': 1034}",0.9639376218323586,0.9278752436647172,0.9382485360892919,0.9479028493873297,0.9051083572128564,0.9366892407680337,0.019708475308784723,61,0.9955555555555556,0.9995076317085179,0.999015263417036,0.9995076317085179,1.0,0.9987172164779254,0.0016112093472894432
14.742132472991944,1.1965684323365762,0.11521325111389161,0.011087248261302179,0.0001,0.4,1034,"{'SVM__alpha': 0.0001, 'SVM__gamma_frac': 0.4, 'SVM__n_iter': 1034}",0.9824561403508771,0.9639376218323588,0.9639376218323589,0.9745665939997923,0.9424948002596769,0.9655306194229918,0.013426760872229581,7,0.9995069033530573,0.9985228951255538,0.998522895125554,0.9995076317085179,0.9980305268340719,0.998818170429351,0.0005906720475723353
14.934332370758057,1.467541518788729,0.14547204971313477,0.023481173931272296,0.0001,0.6000000000000001,1034,"{'SVM__alpha': 0.0001, 'SVM__gamma_frac': 0.6000000000000001, 'SVM__n_iter': 1034}",0.9704009479035279,0.9641933015752179,0.9580204620690452,0.975820001461027,0.967674775367083,0.9672237779852253,0.005971013890883354,5,0.9886522024983564,0.9975381585425898,0.9950763170851797,0.9974648758201367,0.9975381585425899,0.9952539424977704,0.0034333084289597765
15.933650016784668,1.0465725843896583,0.12972826957702638,0.02350149274244371,0.0001,0.8,1034,"{'SVM__alpha': 0.0001, 'SVM__gamma_frac': 0.8, 'SVM__n_iter': 1034}",0.9879448075526507,0.9644489813180771,0.9765389805875636,0.9718752282854844,0.967674775367083,0.9737183013644718,0.008209800583808345,1,0.993096646942801,0.9925411929053163,0.9926144756277696,0.998522895125554,0.9940254755001185,0.994160137220312,0.0022446760275244807
15.232048225402831,1.0937338383854285,0.1233609676361084,0.011602672889327792,0.0001,1.0,1034,"{'SVM__alpha': 0.0001, 'SVM__gamma_frac': 1.0, 'SVM__n_iter': 1034}",0.9798111837327522,0.9735919351303965,0.9632186427058224,0.9679304551099424,0.930637738330046,0.96310546304321,0.017088836435374864,11,0.9880234851612312,0.9893671349890647,0.9883823984061008,0.9883823984061008,0.9896395105878378,0.9887589855100669,0.0006276570175300344
15.044584703445434,2.4319374417097337,0.11316862106323242,0.029008987644508287,0.0001,1.2,1034,"{'SVM__alpha': 0.0001, 'SVM__gamma_frac': 1.2, 'SVM__n_iter': 1034}",0.996078431372549,0.9407322821627815,0.904414224252281,0.9620132953466287,0.8896559281174665,0.9387073230753107,0.03852432471109769,57,0.9727111906181675,0.9920488246138344,0.9841446723079096,0.9840243665052156,0.9695884597702473,0.980503502763075,0.00823173548993799
15.905456638336181,1.3235722552423614,0.14298925399780274,0.021159192255814894,0.0001,1.4000000000000001,1034,"{'SVM__alpha': 0.0001, 'SVM__gamma_frac': 1.4000000000000001, 'SVM__n_iter': 1034}",0.9700072621641249,0.9348151223994678,0.9106101326074336,0.9679304551099424,0.9062020600482138,0.9379920107243424,0.02716866255293575,58,0.9751318746846476,0.9851425387119798,0.9613135927999725,0.9873243791006836,0.9700354783506717,0.975789572729591,0.009629391408068006
15.772125291824342,1.806807010867928,0.13483362197875975,0.011929014593186592,0.0001,1.6,1034,"{'SVM__alpha': 0.0001, 'SVM__gamma_frac': 1.6, 'SVM__n_iter': 1034}",0.9621641249092229,0.9417300098811571,0.921727395411606,0.955840455840456,0.9673253693572996,0.9497386711273217,0.016424874339266052,32,0.9616760699050503,0.9833121500463742,0.9397396173267838,0.972186916743957,0.9792179550303627,0.9672265418105056,0.015578734600439749
15.797311592102051,1.3398275326437363,0.13040308952331542,0.03673019808613613,0.0001,1.8,1034,"{'SVM__alpha': 0.0001, 'SVM__gamma_frac': 1.8, 'SVM__n_iter': 1034}",0.9544241868287276,0.9427277375995324,0.9130708098319436,0.9595295492731388,0.8447293447293447,0.9230517117757985,0.04218232968305829,92,0.9707519532743146,0.9732976080061374,0.9723147034912347,0.9776029679502594,0.8899673242134825,0.9567869113870857,0.03348702216166766
16.148159885406493,2.169664569395882,0.1353123664855957,0.026628285270084866,0.0001,2.0,1034,"{'SVM__alpha': 0.0001, 'SVM__gamma_frac': 2.0, 'SVM__n_iter': 1034}",0.966085693536674,0.8681211575948419,0.9138378490605212,0.9699028416977133,0.8813942333535948,0.9199702289790894,0.04204220466753322,98,0.9601967799642218,0.93634006236665,0.9135915785938115,0.9813426768804462,0.9674414268890673,0.9517825049388394,0.024028406163331673
13.931197834014892,1.861391118428752,0.1258255958557129,0.017597931660773808,3.1622776601683795e-05,0.2,1034,"{'SVM__alpha': 3.1622776601683795e-05, 'SVM__gamma_frac': 0.2, 'SVM__n_iter': 1034}",0.9691358024691358,0.9155295646523716,0.9165042235217674,0.9479028493873297,0.8763330149396913,0.9251981719399516,0.03160778310948099,86,1.0,1.0,1.0,1.0,1.0,1.0,0.0
14.058317804336548,1.7796512175146295,0.13042087554931642,0.020818566904936983,3.1622776601683795e-05,0.4,1034,"{'SVM__alpha': 3.1622776601683795e-05, 'SVM__gamma_frac': 0.4, 'SVM__n_iter': 1034}",0.9350227420402858,0.9496195562322418,0.9619652352445874,0.964448981318077,0.8829944715285788,0.938899398262213,0.02972544039483809,55,1.0,1.0,1.0,1.0,1.0,1.0,0.0
14.614851140975953,0.7736110465442225,0.1350400924682617,0.016588206847700113,3.1622776601683795e-05,0.6000000000000001,1034,"{'SVM__alpha': 3.1622776601683795e-05, 'SVM__gamma_frac': 0.6000000000000001, 'SVM__n_iter': 1034}",0.9649122807017543,0.9463937621832359,0.9444213755954647,0.9647046610609364,0.9282932033294878,0.9497930887748515,0.013795009989385666,30,0.9851939513477976,0.9945708189725914,0.9921089775151813,0.9930937140981453,0.9936445619217913,0.9917224047711015,0.0033603209201606824
15.270137453079224,1.2875430674031094,0.15584244728088378,0.0323058642403763,3.1622776601683795e-05,0.8,1034,"{'SVM__alpha': 3.1622776601683795e-05, 'SVM__gamma_frac': 0.8, 'SVM__n_iter': 1034}",0.9876543209876543,0.9466494419260952,0.9765389805875636,0.9666770476487075,0.9464623158382229,0.9648456572212291,0.01630845331558524,9,0.9912618687216183,0.9955686853766615,0.9920488246138345,0.9876645330707369,0.991608983753766,0.9916305791073234,0.0025119532306339992
16.735609388351442,1.2965639267156412,0.12477154731750488,0.016205301201584466,3.1622776601683795e-05,1.0,1034,"{'SVM__alpha': 3.1622776601683795e-05, 'SVM__gamma_frac': 1.0, 'SVM__n_iter': 1034}",0.9837327523602034,0.9259259259259259,0.9476471696444706,0.9657023887793117,0.9657023887793118,0.9577504543781585,0.019597333015374085,16,0.9935186459336729,0.9716006549643318,0.9954954026542087,0.9809762632681803,0.9881170560023341,0.9859416045645455,0.008760555375442304
16.336784601211548,0.9277100606136737,0.11344661712646484,0.031086062458357492,3.1622776601683795e-05,1.2,1034,"{'SVM__alpha': 3.1622776601683795e-05, 'SVM__gamma_frac': 1.2, 'SVM__n_iter': 1034}",0.9817719680464778,0.9506172839506172,0.9291286511259521,0.954587048379221,0.9822485207100591,0.9596516254772619,0.02019077502135561,13,0.9868950965552039,0.9820342825735975,0.9809762632681803,0.9850692559895267,0.9835535313748016,0.9837056859522619,0.0021117836867784135
15.664925003051758,0.5394797365715491,0.10936918258666992,0.015315023844647667,3.1622776601683795e-05,1.4000000000000001,1034,"{'SVM__alpha': 3.1622776601683795e-05, 'SVM__gamma_frac': 1.4000000000000001, 'SVM__n_iter': 1034}",0.9820624546114741,0.9362992183505003,0.9387598955750104,0.9679304551099424,0.9657023887793118,0.9581581683078599,0.01778275568637058,14,0.9831636163478739,0.9608945072309436,0.9787286211016073,0.9801380921301227,0.9829289530791255,0.9771707579779345,0.008309266034100682
14.530401706695557,1.77564371774813,0.11999969482421875,0.021419460586223814,3.1622776601683795e-05,1.6,1034,"{'SVM__alpha': 3.1622776601683795e-05, 'SVM__gamma_frac': 1.6, 'SVM__n_iter': 1034}",0.8379772961816305,0.9157852443952308,0.9158102356482924,0.9526146617914499,0.8896559281174665,0.9023364433783223,0.03798672892161913,121,0.8306258122716085,0.9867587280867484,0.958528391329738,0.9742841766571628,0.9758985481373986,0.9452191312965311,0.05800052887480307
15.342774534225464,2.5879012547037576,0.12339968681335449,0.022966365061086014,3.1622776601683795e-05,1.8,1034,"{'SVM__alpha': 3.1622776601683795e-05, 'SVM__gamma_frac': 1.8, 'SVM__n_iter': 1034}",0.9701104613385315,0.912838198938064,0.9266698963055239,0.9681861348528016,0.9696699043578578,0.9494785962237182,0.024686020830625526,34,0.9802649725547758,0.9701968328123388,0.9623809251180347,0.9845900175191509,0.9773806918686287,0.9749626879745857,0.00784424082708566
16.33934783935547,1.8417859153850604,0.12544913291931153,0.025250957570823598,3.1622776601683795e-05,2.0,1034,"{'SVM__alpha': 3.1622776601683795e-05, 'SVM__gamma_frac': 2.0, 'SVM__n_iter': 1034}",0.798968008255934,0.9118635400686682,0.9197550088238349,0.9721309080283438,0.8593030900723208,0.8923815849449082,0.05890745821636837,129,0.8108756479060594,0.9562433444402458,0.9214826010786301,0.9809235913114172,0.9182072371420372,0.917546484375678,0.05815273273793157
13.036876678466797,1.6431905797732478,0.11091823577880859,0.019224288218853556,1e-05,0.2,1034,"{'SVM__alpha': 1e-05, 'SVM__gamma_frac': 0.2, 'SVM__n_iter': 1034}",0.9515919428200129,0.9093567251461987,0.9226770630279402,0.949875235975101,0.8869392447041213,0.9241722453915371,0.02455465868487395,90,1.0,1.0,1.0,1.0,1.0,1.0,0.0
14.02536916732788,1.5944700522349184,0.11482672691345215,0.016066151007447228,1e-05,0.4,1034,"{'SVM__alpha': 1e-05, 'SVM__gamma_frac': 0.4, 'SVM__n_iter': 1034}",0.9463937621832358,0.9434467167260691,0.940220922677063,0.9602485283996754,0.8889343736948961,0.9359351914851786,0.02436816092810338,63,1.0,1.0,1.0,1.0,1.0,1.0,0.0
14.782502222061158,0.6255437200582392,0.12852764129638672,0.03209209052851292,1e-05,0.6000000000000001,1034,"{'SVM__alpha': 1e-05, 'SVM__gamma_frac': 0.6000000000000001, 'SVM__n_iter': 1034}",0.9938271604938271,0.9713638687997662,0.946393762183236,0.958020462069045,0.9034853766348687,0.9547351438469511,0.029999792350413848,19,0.9984496124031008,0.9959144882232374,0.9837124569177745,1.0,0.9848726320972299,0.9925898379282685,0.006908891631125163
14.72240071296692,1.4070674660787887,0.12280325889587403,0.019199385560100736,1e-05,0.8,1034,"{'SVM__alpha': 1e-05, 'SVM__gamma_frac': 0.8, 'SVM__n_iter': 1034}",0.9938271604938271,0.871345029239766,0.9589951209384409,0.9568151147098515,0.9034853766348687,0.9369959176966738,0.04370700311957794,60,0.995913031512316,0.9488372093023255,0.9758214344329559,0.986200558017397,0.9843802638057477,0.9782304994141484,0.016023623031608814
15.086364269256592,2.0471961172597823,0.12847309112548827,0.031159181635159627,1e-05,1.0,1034,"{'SVM__alpha': 1e-05, 'SVM__gamma_frac': 1.0, 'SVM__n_iter': 1034}",0.9687306501547989,0.871345029239766,0.9518476225628724,0.9624765947303058,0.8281832127985974,0.9167059360796127,0.05637357598466618,106,0.9610124917817225,0.9498952286077428,0.9931068439192516,0.9921089775151812,0.9295978128482211,0.965144270934424,0.02458518440947694
15.956976985931396,2.395370594018741,0.13801970481872558,0.024701951756974497,1e-05,1.2,1034,"{'SVM__alpha': 1e-05, 'SVM__gamma_frac': 1.2, 'SVM__n_iter': 1034}",0.9781408859840233,0.9372738772198961,0.8911169552195195,0.9313567174565823,0.9412667104974797,0.9358570329928406,0.02775410946311394,64,0.98069813311316,0.9877434646697124,0.9323485967503694,0.9638487169798358,0.9777773218812116,0.9684832466788578,0.019665864194134314
15.001454973220826,2.1027537371921414,0.12806835174560546,0.019545197025023872,1e-05,1.4000000000000001,1034,"{'SVM__alpha': 1e-05, 'SVM__gamma_frac': 1.4000000000000001, 'SVM__n_iter': 1034}",0.962557810648626,0.9486448973628461,0.8540799181824823,0.954587048379221,0.9362282344865799,0.9312372169843972,0.03954159639894684,75,0.957483142975093,0.9825999335875326,0.9137439455875787,0.9860539925724907,0.9842738479493772,0.9648309725344145,0.027597292919216355
16.515864372253418,0.6438803951399921,0.13035664558410645,0.03446674496231473,1e-05,1.6,1034,"{'SVM__alpha': 1e-05, 'SVM__gamma_frac': 1.6, 'SVM__n_iter': 1034}",0.9083820662768031,0.9054350208196362,0.9180133107258615,0.957812842428227,0.8691650230111769,0.9118293231841084,0.028333944737868814,117,0.9387554087732979,0.9148752476154489,0.9796400749621182,0.979373203714518,0.95633986561129,0.9537967601353345,0.024777510611395576
16.09574999809265,1.492194389848233,0.12958598136901855,0.026082765032091483,1e-05,1.8,1034,"{'SVM__alpha': 1e-05, 'SVM__gamma_frac': 1.8, 'SVM__n_iter': 1034}",0.9723617322172534,0.9281539922565563,0.9197550088238348,0.955840455840456,0.8348674117904887,0.9223816776950825,0.04748221710233654,93,0.9632581074262648,0.942289856068153,0.9214694712575239,0.9737373043408563,0.9235325889262245,0.9448574656038045,0.020885257808032014
15.788797092437743,1.7005704561249362,0.11020836830139161,0.01330392411649655,1e-05,2.0,1034,"{'SVM__alpha': 1e-05, 'SVM__gamma_frac': 2.0, 'SVM__n_iter': 1034}",0.9694262890341323,0.8821835434520995,0.9079206892972077,0.9760756812038862,0.8598096254119476,0.9192228598104503,0.04641627867653695,100,0.9591303151231595,0.925960938782209,0.9032518444726889,0.980418093198829,0.974588325400733,0.9486699033955238,0.02955547163780457
14.138658046722412,1.8110828197481719,0.1327449321746826,0.019318347391178246,3.162277660168379e-06,0.2,1034,"{'SVM__alpha': 3.162277660168379e-06, 'SVM__gamma_frac': 0.2, 'SVM__n_iter': 1034}",0.8989603638726444,0.9041585445094216,0.9041585445094218,0.9479028493873297,0.8786775499402495,0.9068115843680781,0.022590072070581765,119,1.0,1.0,1.0,1.0,1.0,1.0,0.0
13.48759765625,1.0357165625373383,0.1223513126373291,0.022630104810368826,3.162277660168379e-06,0.4,1034,"{'SVM__alpha': 3.162277660168379e-06, 'SVM__gamma_frac': 0.4, 'SVM__n_iter': 1034}",0.9587394411955815,0.943446716726069,0.9496195562322418,0.9602485283996754,0.8842453036937797,0.939367029797904,0.028111192057423764,53,1.0,0.9995076317085179,1.0,1.0,1.0,0.9999015263417036,0.00019694731659285482
14.60617733001709,2.065369939345636,0.1305638313293457,0.023032112352461144,3.162277660168379e-06,0.6000000000000001,1034,"{'SVM__alpha': 3.162277660168379e-06, 'SVM__gamma_frac': 0.6000000000000001, 'SVM__n_iter': 1034}",0.9629629629629629,0.9362761495015206,0.940220922677063,0.9565594349669924,0.9113976653889572,0.9415509631286841,0.017990329029423855,50,0.9798449612403101,0.9935860823896273,0.9846971935007386,0.9935860823896274,0.9951216667962373,0.9893671972633081,0.0060198640689580465
15.542025804519653,1.45656644804509,0.17515530586242675,0.014581516424777641,3.162277660168379e-06,0.8,1034,"{'SVM__alpha': 3.162277660168379e-06, 'SVM__gamma_frac': 0.8, 'SVM__n_iter': 1034}",0.9938271604938271,0.9278752436647174,0.964193301575218,0.9560480754812737,0.9097746848109693,0.9504467713558027,0.029201099174894368,27,0.9943626439154167,0.9974648758201367,0.9856950599048088,0.9935127996671743,0.9887662287180284,0.9919603216051129,0.004193737981002692
16.497202014923097,1.4296583025649503,0.14742226600646974,0.01825989056802325,3.162277660168379e-06,1.0,1034,"{'SVM__alpha': 3.162277660168379e-06, 'SVM__gamma_frac': 1.0, 'SVM__n_iter': 1034}",0.9687306501547989,0.8765432098765432,0.935301490632125,0.9738476148732558,0.8873113931169083,0.9284481576990072,0.04029030370647808,82,0.9708875739644972,0.931782945736434,0.9881625502387414,0.9928137130294391,0.9882077554244493,0.9743709076787122,0.022572872858405237
15.381708717346191,1.4899707219907292,0.1592625141143799,0.023300677593691786,3.162277660168379e-06,1.2,1034,"{'SVM__alpha': 3.162277660168379e-06, 'SVM__gamma_frac': 1.2, 'SVM__n_iter': 1034}",0.9488323204525474,0.905900242607395,0.8920916140889151,0.9568151147098515,0.9461129098284395,0.9299393211820394,0.02589690831761317,79,0.9555370548751586,0.9600393894633185,0.9436936782201458,0.9668855224638263,0.9805628499006145,0.9613436989846127,0.012223167687094241
15.570207548141479,2.2877549690894727,0.14355792999267578,0.02906323741383705,3.162277660168379e-06,1.4000000000000001,1034,"{'SVM__alpha': 3.162277660168379e-06, 'SVM__gamma_frac': 1.4000000000000001, 'SVM__n_iter': 1034}",0.9664793792760769,0.9362992183505003,0.8859187745827423,0.9721309080283439,0.8873113931169083,0.9297284181512396,0.0371663510984706,80,0.9746901518278978,0.9474333871503327,0.931290577444952,0.990006068725453,0.9904466874555501,0.9667733745208371,0.023647085182150234
16.47876944541931,1.4303381480519235,0.1692014217376709,0.024432797248317678,3.162277660168379e-06,1.6,1034,"{'SVM__alpha': 3.162277660168379e-06, 'SVM__gamma_frac': 1.6, 'SVM__n_iter': 1034}",0.9083820662768031,0.8888888888888888,0.789125729071748,0.9466975020281362,0.9121192198115274,0.8890205028100188,0.05333466842384735,130,0.9449569591608948,0.90190649582632,0.8823772609819123,0.9771913633258142,0.9849645312471508,0.9382793221084185,0.040462994131861864
15.525800848007203,2.0822307965519347,0.13421783447265626,0.026821347817469407,3.162277660168379e-06,1.8,1034,"{'SVM__alpha': 3.162277660168379e-06, 'SVM__gamma_frac': 1.8, 'SVM__n_iter': 1034}",0.8887512899896801,0.9301263788443275,0.9503865954608195,0.9526146617914499,0.8963401271093578,0.923660117377266,0.026688204633453935,91,0.8528151613840343,0.9272783483906427,0.975148607437433,0.976193496921744,0.9609499396776859,0.9384771107623081,0.04633731615604035
16.339351654052734,1.0040646521895507,0.12100510597229004,0.032836643767825933,3.162277660168379e-06,2.0,1034,"{'SVM__alpha': 3.162277660168379e-06, 'SVM__gamma_frac': 2.0, 'SVM__n_iter': 1034}",0.9687306501547989,0.8651491208846134,0.9074093298114891,0.9760756812038862,0.8767051633524783,0.9189249355765162,0.0459521884665726,102,0.9456356742045472,0.8973041881839243,0.9441840617712282,0.9845768876980446,0.9797764283239419,0.9502954480363371,0.03134160640103875
14.689225006103516,1.3086149663039788,0.11940555572509766,0.019231521194841807,1e-06,0.2,1034,"{'SVM__alpha': 1e-06, 'SVM__gamma_frac': 0.2, 'SVM__n_iter': 1034}",0.9051332033788173,0.8742690058479531,0.9041585445094218,0.9437023964689281,0.8366020368923126,0.8928761823053538,0.035646982189868545,127,1.0,1.0,1.0,1.0,1.0,1.0,0.0
14.035397481918334,1.6729386052571675,0.1273796558380127,0.013685786956014797,1e-06,0.4,1034,"{'SVM__alpha': 1e-06, 'SVM__gamma_frac': 0.4, 'SVM__n_iter': 1034}",0.9876543209876543,0.94541910331384,0.9496195562322419,0.9602485283996754,0.9070807438006276,0.9501065988379023,0.025997859546672927,29,1.0,1.0,1.0,1.0,1.0,1.0,0.0
14.840942287445069,1.6185594438638988,0.12377676963806153,0.02354703026420684,1e-06,0.6000000000000001,1034,"{'SVM__alpha': 1e-06, 'SVM__gamma_frac': 0.6000000000000001, 'SVM__n_iter': 1034}",0.9444444444444444,0.9217024041585444,0.951591942820013,0.9641933015752178,0.8988190490367559,0.9362188442670265,0.02318178160403183,62,0.986046511627907,0.9955555555555555,0.990126374528147,0.9995076317085179,1.0,0.9942472146840254,0.005416846614116161
15.600403594970704,2.429122956829774,0.13252816200256348,0.014596475064894898,1e-06,0.8,1034,"{'SVM__alpha': 1e-06, 'SVM__gamma_frac': 0.8, 'SVM__n_iter': 1034}",0.9570691434468525,0.9488775082567256,0.9476471696444706,0.9624765947303058,0.9732425291206133,0.9578364903418989,0.009401672050176398,15,0.9540894148586455,0.9950763170851796,0.98906835522273,0.9930937140981453,0.9908068457428378,0.9844269294015076,0.015304467124533736
15.827202987670898,1.1611222188011432,0.1359790802001953,0.01272704490841746,1e-06,1.0,1034,"{'SVM__alpha': 1e-06, 'SVM__gamma_frac': 1.0, 'SVM__n_iter': 1034}",0.9648090815273478,0.9074074074074072,0.9064096796890321,0.9607598878853939,0.8321279859741397,0.9144805222419707,0.048032910942640256,109,0.9708941485864562,0.9576471665922387,0.9457364341085271,0.9856950599048088,0.9379227240923579,0.9595791066568777,0.01717221051228579
15.164779567718506,1.5724365438062968,0.12600436210632324,0.014562041819260116,1e-06,1.2,1034,"{'SVM__alpha': 1e-06, 'SVM__gamma_frac': 1.2, 'SVM__n_iter': 1034}",0.943343653250774,0.9207277452891488,0.9580204620690452,0.9526146617914499,0.9613854671909824,0.9471917569892371,0.014577766236476422,39,0.9200394477317555,0.9732243252836843,0.9832332184473987,0.9826074145321165,0.9863094261174025,0.9690827664224715,0.024909069919386694
16.32120623588562,1.0013845349198414,0.13757700920104982,0.030407905036647503,1e-06,1.4000000000000001,1034,"{'SVM__alpha': 1e-06, 'SVM__gamma_frac': 1.4000000000000001, 'SVM__n_iter': 1034}",0.9645185949623515,0.9570458031996494,0.8128424282270437,0.9676747753670829,0.9861932938856015,0.9375969038482128,0.063139456506176,59,0.985129428313686,0.9893671349890647,0.8770270115534793,0.9727319569922024,0.9822382697813521,0.9612987603259568,0.04248915879699946
15.278826236724854,2.2643720438200123,0.1469426155090332,0.03036639957408671,1e-06,1.6,1034,"{'SVM__alpha': 1e-06, 'SVM__gamma_frac': 1.6, 'SVM__n_iter': 1034}",0.9524634025150021,0.8930893418072905,0.7387683541529696,0.9639856819343999,0.9444899292504516,0.8985279464696124,0.08352526401870036,125,0.9800628411540755,0.9045149027286363,0.799507631708518,0.9768380795346547,0.9822382697813521,0.9286323449814473,0.07084818494875353
15.544798612594604,2.260769967321705,0.10272297859191895,0.030376973193864072,1e-06,1.8,1034,"{'SVM__alpha': 1e-06, 'SVM__gamma_frac': 1.8, 'SVM__n_iter': 1034}",0.9083820662768031,0.8992391124644835,0.9014671787951141,0.975820001461027,0.8869619871071248,0.9144144597596066,0.031485266888080524,110,0.934302402030488,0.9595508379802976,0.9751223477952208,0.9825999335875327,0.9792179550303627,0.9661586952847804,0.017774660876755333
14.811297512054443,1.5834592141799437,0.12099637985229492,0.023325636972840808,1e-06,2.0,1034,"{'SVM__alpha': 1e-06, 'SVM__gamma_frac': 2.0, 'SVM__n_iter': 1034}",0.9615831517792301,0.8849210468643667,0.9138378490605212,0.9343268317627291,0.8932512952832254,0.9176606806044091,0.027912459506818147,104,0.9629374799321132,0.933400967179264,0.9328464612460352,0.9101508021022982,0.9771823768623374,0.9433036174644096,0.023831838615696512
13.573349142074585,1.5372315188568195,0.1585996150970459,0.02424544875566768,3.162277660168379e-07,0.2,1034,"{'SVM__alpha': 3.162277660168379e-07, 'SVM__gamma_frac': 0.2, 'SVM__n_iter': 1034}",0.8937621832358674,0.8557504873294346,0.8774947998969592,0.9207277452891487,0.8865898386943378,0.8868711709526205,0.021224057500965832,132,1.0,1.0,1.0,1.0,1.0,1.0,0.0
14.96739158630371,2.0319405091496834,0.14260830879211425,0.0429035936320942,3.162277660168379e-07,0.4,1034,"{'SVM__alpha': 3.162277660168379e-07, 'SVM__gamma_frac': 0.4, 'SVM__n_iter': 1034}",0.9814814814814815,0.9269005847953216,0.9466494419260951,0.949875235975101,0.8991684550465393,0.940917570540717,0.027178801987617122,51,1.0,1.0,0.9935860823896275,1.0,1.0,0.9987172164779257,0.0025655670441489865
14.304091596603394,2.354236220543807,0.1293400287628174,0.02753099625839529,3.162277660168379e-07,0.6000000000000001,1034,"{'SVM__alpha': 3.162277660168379e-07, 'SVM__gamma_frac': 0.6000000000000001, 'SVM__n_iter': 1034}",0.9824561403508771,0.9454191033138402,0.9703661410813909,0.9518476225628721,0.8964745140361977,0.9494275262843769,0.029462456674482603,35,0.9940762656147272,0.9955555555555555,0.9940915805022157,0.9953488372093023,0.9984567901234567,0.9955058058010515,0.0015986895250881875
15.606828451156616,1.8889714919747702,0.1395786762237549,0.030854414258688175,3.162277660168379e-07,0.8,1034,"{'SVM__alpha': 3.162277660168379e-07, 'SVM__gamma_frac': 0.8, 'SVM__n_iter': 1034}",0.9899055918663763,0.932075696583119,0.9518476225628724,0.956303755224133,0.9243484301539453,0.9509724020331237,0.02286249906155844,25,0.9959841291683869,0.9930937140981453,0.9914831735998992,0.999015263417036,0.9931521936303092,0.9945456947827553,0.0026636541301041324
15.080393648147583,1.7978096550240505,0.11279864311218261,0.01698866602523641,3.162277660168379e-07,1.0,1034,"{'SVM__alpha': 3.162277660168379e-07, 'SVM__gamma_frac': 1.0, 'SVM__n_iter': 1034}",0.939422084623323,0.9278752436647172,0.9229558116197792,0.9607598878853939,0.8321279859741397,0.9167868415586226,0.044102235062663656,105,0.9511505588428666,0.9949297516402733,0.9855541433364249,0.9911242409322173,0.9276736893933505,0.9700864768290266,0.02629234891383856
14.087265634536744,1.8025106628434981,0.14470505714416504,0.031781152875788636,3.162277660168379e-07,1.2,1034,"{'SVM__alpha': 3.162277660168379e-07, 'SVM__gamma_frac': 1.2, 'SVM__n_iter': 1034}",0.9159958720330238,0.9259259259259258,0.9404996712689021,0.9699028416977133,0.9736146775334003,0.9451166267361752,0.023078588396125626,45,0.8627744904667982,0.9499685113301959,0.9779487707968352,0.9923946274604102,0.9837814796578953,0.9533735759424269,0.0474784414784314
15.625331497192382,2.213432516987655,0.15017800331115722,0.017738118130154624,3.162277660168379e-07,1.4000000000000001,1034,"{'SVM__alpha': 3.162277660168379e-07, 'SVM__gamma_frac': 1.4000000000000001, 'SVM__n_iter': 1034}",0.9758896151053014,0.9362992183505003,0.8849441157133465,0.9620132953466287,0.9842209072978304,0.9486371369225828,0.035762378235053585,37,0.9829503233796615,0.9810495459906335,0.9354493719441678,0.9809968740338704,0.9804671116217153,0.9721826453940097,0.0183859794459131
16.401553010940553,2.663062716117475,0.14240212440490724,0.030573088316922088,3.162277660168379e-07,1.6,1034,"{'SVM__alpha': 3.162277660168379e-07, 'SVM__gamma_frac': 1.6, 'SVM__n_iter': 1034}",0.9817719680464778,0.9570458031996494,0.874570823288772,0.9506422752036787,0.9657023887793118,0.9459436027723882,0.037205616209509386,43,0.9883743864960324,0.9821075652960507,0.9245966587658732,0.9850823858106328,0.9808933749111003,0.9722108742559378,0.023947353780921155
15.395980310440063,1.5432466414600483,0.13719940185546875,0.022816015160731153,3.162277660168379e-07,1.8,1034,"{'SVM__alpha': 3.162277660168379e-07, 'SVM__gamma_frac': 1.8, 'SVM__n_iter': 1034}",0.8808049535603716,0.9229558116197792,0.9098930758849788,0.9511286434363357,0.9802761341222879,0.9288870458165956,0.03416406388385838,81,0.8326113481032982,0.9686464452154395,0.9215219905419487,0.9675884259100226,0.9744264821197367,0.9329589383780892,0.053652212227865564
17.86262059211731,1.3693871453769544,0.15798158645629884,0.03117845173715242,3.162277660168379e-07,2.0,1034,"{'SVM__alpha': 3.162277660168379e-07, 'SVM__gamma_frac': 2.0, 'SVM__n_iter': 1034}",0.959041394335512,0.8910938863705394,0.726422675140624,0.9738476148732558,0.8876835415296953,0.8876767903024696,0.08784738828026334,131,0.9585661208201459,0.9413596235100132,0.757647166592239,0.9837312356154031,0.9742646388387403,0.9231137570753083,0.08397602718976005
15.23621826171875,1.7509405752818026,0.12700862884521485,0.01615031721693409,1e-07,0.2,1034,"{'SVM__alpha': 1e-07, 'SVM__gamma_frac': 0.2, 'SVM__n_iter': 1034}",0.9093567251461988,0.9145549057829759,0.8898404789093048,0.9392462638076672,0.9113976653889571,0.9128787451123765,0.015776419819028113,113,1.0,1.0,1.0,1.0,1.0,1.0,0.0
14.961148357391357,1.0097486185770517,0.13459768295288085,0.02807519677005306,1e-07,0.4,1034,"{'SVM__alpha': 1e-07, 'SVM__gamma_frac': 0.4, 'SVM__n_iter': 1034}",0.9814814814814815,0.9259028570769462,0.9454191033138403,0.9582761418119041,0.946090167425436,0.9514676434368535,0.018281745265473694,23,1.0,0.9990152634170358,1.0,0.9968992248062014,1.0,0.9991828976446474,0.0012038464723286922
14.468355226516724,1.5887647146944297,0.13161497116088866,0.011122141280055665,1e-07,0.6000000000000001,1034,"{'SVM__alpha': 1e-07, 'SVM__gamma_frac': 0.6000000000000001, 'SVM__n_iter': 1034}",0.9938271604938271,0.9340480831708903,0.9538200091506435,0.9666770476487075,0.9097746848109693,0.9517335386496535,0.028527145669439747,22,0.9940051679586563,0.9995076317085179,0.999015263417036,0.9955555555555555,0.9951216667962373,0.9966410570872005,0.0022040361923373994
16.221514225006104,1.5286687048431575,0.12259993553161622,0.01483977908754882,1e-07,0.8,1034,"{'SVM__alpha': 1e-07, 'SVM__gamma_frac': 0.8, 'SVM__n_iter': 1034}",0.9726522187822497,0.9382485360892918,0.9518476225628724,0.9565594349669924,0.8968239200459809,0.9433274471720082,0.02562963050422911,49,0.9797633136094674,0.9935860823896273,0.9876645330707369,0.9940784506811093,0.9953703703703703,0.9900925500242623,0.005805789374051208
14.968561553955078,1.4266311612319407,0.11481204032897949,0.030142642750292232,1e-07,1.0,1034,"{'SVM__alpha': 1e-07, 'SVM__gamma_frac': 1.0, 'SVM__n_iter': 1034}",0.947265221878225,0.9012345679012345,0.8982644535950879,0.954587048379221,0.8810220849408077,0.9165587909115666,0.02904600127095897,107,0.9200328731097963,0.937984496124031,0.9534883720930234,0.9852026916133267,0.9938932654959243,0.9581203396872204,0.027895226963929983
14.056971740722656,1.3501763526576513,0.14922795295715333,0.02798391942957242,1e-07,1.2,1034,"{'SVM__alpha': 1e-07, 'SVM__gamma_frac': 1.2, 'SVM__n_iter': 1034}",0.9199174406604747,0.9073843385584276,0.8982644535950879,0.9587875012976228,0.9779315991217298,0.932371468060286,0.030671334208025213,72,0.8775805391190007,0.9888014839751295,0.9560967789953397,0.9643974213642036,0.9824365847876434,0.9538625616482633,0.03993025181307041
15.357220983505249,2.229260864465852,0.1536874771118164,0.022936088806300197,1e-07,1.4000000000000001,1034,"{'SVM__alpha': 1e-07, 'SVM__gamma_frac': 1.4000000000000001, 'SVM__n_iter': 1034}",0.951186790505676,0.9362992183505003,0.9158083132442107,0.9659580685221711,0.9613854671909824,0.9461065156716297,0.018259566966534916,42,0.9401984618442579,0.9794991583937344,0.950460879621678,0.989932786003,0.9832891113664132,0.9686760794458167,0.019622922934044985
18.3937255859375,1.1821698782303716,0.1604764938354492,0.03092018342157367,1e-07,1.6,1034,"{'SVM__alpha': 1e-07, 'SVM__gamma_frac': 1.6, 'SVM__n_iter': 1034}",0.9410923823720522,0.9362992183505003,0.8128424282270437,0.9548427281220803,0.9594130806032112,0.9208509569383693,0.054696343711663126,95,0.9451491521795637,0.9562433444402458,0.8646239107782856,0.9570118969919733,0.981253533198388,0.9408563675176913,0.0398986381900983
16.61819906234741,2.6240287887373284,0.13223576545715332,0.018906164436839474,1e-07,1.8,1034,"{'SVM__alpha': 1e-07, 'SVM__gamma_frac': 1.8, 'SVM__n_iter': 1034}",0.9012345679012346,0.9362992183505003,0.9177826222360635,0.9701585214405728,0.9425175426626805,0.9335569709260633,0.023353630535967614,70,0.9231159121141232,0.9453906312619513,0.929386753384555,0.9855747541021149,0.9699586957711035,0.9506853493267695,0.02379273227462071
16.520575857162477,0.9005423793663578,0.11342940330505372,0.021563563965684623,1e-07,2.0,1034,"{'SVM__alpha': 1e-07, 'SVM__gamma_frac': 2.0, 'SVM__n_iter': 1034}",0.9386347131445171,0.8322894679169983,0.8839233191459913,0.9701585214405728,0.8687928745983898,0.8988423340410202,0.04946403515931917,124,0.9320902710884823,0.9202743521921838,0.9586938881446112,0.9829663471997985,0.9659435667235817,0.9519936850697315,0.022808155055286713
14.342469787597656,0.7053641798908361,0.11150999069213867,0.03379278296418651,3.162277660168379e-08,0.2,1034,"{'SVM__alpha': 3.162277660168379e-08, 'SVM__gamma_frac': 0.2, 'SVM__n_iter': 1034}",0.9577647823261858,0.9207277452891488,0.8970110461338532,0.9580204620690451,0.825094380972465,0.9119050726912575,0.049034383977174925,116,1.0,1.0,1.0,1.0,1.0,1.0,0.0
13.700969648361205,1.0434547821517088,0.11780095100402832,0.016187187370068173,3.162277660168379e-08,0.4,1034,"{'SVM__alpha': 3.162277660168379e-08, 'SVM__gamma_frac': 0.4, 'SVM__n_iter': 1034}",0.9753086419753086,0.9505942151016374,0.935301490632125,0.9602485283996754,0.9011408416343104,0.9446159691087893,0.025258310267830264,47,1.0,0.9995076317085179,1.0,1.0,0.9956140350877193,0.9990243333592475,0.0017157789937417695
14.999998998641967,1.5329933746782094,0.1318047046661377,0.026409721433744867,3.162277660168379e-08,0.6000000000000001,1034,"{'SVM__alpha': 3.162277660168379e-08, 'SVM__gamma_frac': 0.6000000000000001, 'SVM__n_iter': 1034}",0.9531475748194015,0.9392462638076672,0.9414743301382977,0.9563037552241329,0.9354839376610059,0.9451537619676754,0.008123171781915966,44,0.9614924391847469,1.0,1.0,1.0,0.9891975308641975,0.990137994009789,0.014921325468037887
14.994127893447876,0.805537548475661,0.151593017578125,0.026250866471619942,3.162277660168379e-08,0.8,1034,"{'SVM__alpha': 3.162277660168379e-08, 'SVM__gamma_frac': 0.8, 'SVM__n_iter': 1034}",0.9667698658410733,0.932075696583119,0.9703661410813909,0.9657023887793117,0.8360727591496822,0.9343866355622079,0.0508526728905419,68,0.9689151873767259,0.9950631872640734,0.9792811422944362,0.9845694067534608,0.9467853533390345,0.9749228554055461,0.016404235322457984
16.12612051963806,1.6310301447846067,0.12780342102050782,0.008885238192464565,3.162277660168379e-08,1.0,1034,"{'SVM__alpha': 3.162277660168379e-08, 'SVM__gamma_frac': 1.0, 'SVM__n_iter': 1034}",0.988235294117647,0.9083820662768031,0.9044372931012609,0.9607598878853939,0.8873113931169083,0.9299438284999197,0.038172197034360734,78,0.9861221962295308,0.965891472868217,0.9622983293829366,0.9852026916133269,0.993086088628212,0.9785201557444447,0.012142857881416927
16.15680060386658,1.4352886836381664,0.14200172424316407,0.03419366968607792,3.162277660168379e-08,1.2,1034,"{'SVM__alpha': 3.162277660168379e-08, 'SVM__gamma_frac': 1.2, 'SVM__n_iter': 1034}",0.939422084623323,0.9382716049382716,0.9044372931012609,0.9486698886159075,0.9630084477689702,0.9387222997507334,0.019295554017663533,56,0.9234331758482026,0.9566624300092748,0.957647166592239,0.9807112240886414,0.983156901362219,0.9603221795801152,0.0215336281781607
15.56767897605896,1.0186322664219802,0.10705318450927734,0.024854634594862195,3.162277660168379e-08,1.4000000000000001,1034,"{'SVM__alpha': 3.162277660168379e-08, 'SVM__gamma_frac': 1.4000000000000001, 'SVM__n_iter': 1034}",0.9719680464778504,0.9424720578566733,0.8787712762071737,0.9506422752036787,0.9062020600482138,0.9300852333733913,0.03328914938316061,77,0.9796408421632036,0.9732976080061373,0.9401005347348654,0.9811303096576705,0.9741324288345459,0.9696603446792846,0.015087624145522047
16.57398657798767,1.2337608944623428,0.11002788543701172,0.024790012655673568,3.162277660168379e-08,1.6,1034,"{'SVM__alpha': 3.162277660168379e-08, 'SVM__gamma_frac': 1.6, 'SVM__n_iter': 1034}",0.9586362420211749,0.9362992183505003,0.9511286434363359,0.9600409087588575,0.9657023887793118,0.9543462552442004,0.010151645197408994,20,0.9708296255523448,0.9484914064557497,0.9838778010603095,0.9774037305485899,0.9789239017451721,0.9719052930724332,0.012427403405480136
15.559400606155396,1.2096948254461233,0.1302021026611328,0.03758652400341414,3.162277660168379e-08,1.8,1034,"{'SVM__alpha': 3.162277660168379e-08, 'SVM__gamma_frac': 1.8, 'SVM__n_iter': 1034}",0.9562817719680464,0.9239535393381547,0.9170386518564657,0.9511286434363357,0.9518956826649133,0.9400534957886733,0.016224437582597107,52,0.9573803953947068,0.9210767980030458,0.9754079977404495,0.9675884259100227,0.9612647482539162,0.9565436730604283,0.01875493104612817
16.355157327651977,1.362960009730425,0.17319865226745607,0.052291840334727745,3.162277660168379e-08,2.0,1034,"{'SVM__alpha': 3.162277660168379e-08, 'SVM__gamma_frac': 2.0, 'SVM__n_iter': 1034}",0.9615831517792301,0.8745246855908124,0.894552291313425,0.9721309080283439,0.8857111549419242,0.917789653616294,0.040787253005546045,103,0.9528622540250448,0.930196832812339,0.9198928240184123,0.977178233504708,0.9616652173954773,0.9483590723511963,0.020823402363349577
15.575403022766114,1.6987073079257597,0.12218008041381836,0.016074538658763304,1e-08,0.2,1034,"{'SVM__alpha': 1e-08, 'SVM__gamma_frac': 0.2, 'SVM__n_iter': 1034}",0.9515919428200129,0.888865820039909,0.9207046764401691,0.9481585291301889,0.9113976653889571,0.9241875152988398,0.023464745179641196,89,1.0,1.0,1.0,1.0,1.0,1.0,0.0
14.889089822769165,1.6237426546880653,0.13110942840576173,0.020872306044187477,1e-08,0.4,1034,"{'SVM__alpha': 1e-08, 'SVM__gamma_frac': 0.4, 'SVM__n_iter': 1034}",0.9856935366739288,0.9197300175707733,0.9456747830566996,0.956303755224133,0.9322379765050303,0.9479852061944256,0.022577502603535166,38,1.0,1.0,0.999015263417036,1.0,1.0,0.9998030526834072,0.00039389463318562084
14.88364634513855,1.7624623577177145,0.11415605545043946,0.030971944801870578,1e-08,0.6000000000000001,1034,"{'SVM__alpha': 1e-08, 'SVM__gamma_frac': 0.6000000000000001, 'SVM__n_iter': 1034}",0.9918663761801016,0.920704676440169,0.9599928486568163,0.943216028236271,0.8624808240192856,0.9358196915492484,0.04327493270458199,65,0.9985207100591716,0.9950631872640734,0.990126374528147,0.9634728376825866,0.9843802638057477,0.9863126746679454,0.012373716262224789
13.680601119995117,1.015708075966112,0.10920333862304688,0.03234546515728585,1e-08,0.8,1034,"{'SVM__alpha': 1e-08, 'SVM__gamma_frac': 0.8, 'SVM__n_iter': 1034}",0.9706914344685242,0.9444444444444444,0.9580204620690452,0.9412436416484999,0.9342103630928015,0.9497650739233459,0.013034177652687847,31,0.9886587771203157,0.9875968992248061,0.9916166092236994,0.9639783357951748,0.9959288436639495,0.9855558930055892,0.011168840206773964
15.352205371856689,1.7835513923668163,0.12141423225402832,0.05376326492392388,1e-08,1.0,1034,"{'SVM__alpha': 1e-08, 'SVM__gamma_frac': 1.0, 'SVM__n_iter': 1034}",0.9648090815273478,0.954817736869019,0.9167829721136065,0.9526146617914499,0.834100372561911,0.9248079536421261,0.047988092123040844,88,0.960525969756739,0.991902259168928,0.9731510425612311,0.9871852946003611,0.9150081629479905,0.9655545458070499,0.027568175322003768
13.792116928100587,2.4636528068305763,0.14438786506652831,0.025263262641285006,1e-08,1.2,1034,"{'SVM__alpha': 1e-08, 'SVM__gamma_frac': 1.2, 'SVM__n_iter': 1034}",0.9429499675113711,0.9424720578566732,0.8920916140889151,0.9526146617914499,0.9081744466359851,0.9277054309861561,0.023327145476166104,84,0.953078146262404,0.9861930770728131,0.9498952286077429,0.9732863102530925,0.9796806900450425,0.9684266904482189,0.01445618062862193
16.568597936630248,1.1008844739219905,0.13239994049072265,0.02701284821880519,1e-08,1.4000000000000001,1034,"{'SVM__alpha': 1e-08, 'SVM__gamma_frac': 1.4000000000000001, 'SVM__n_iter': 1034}",0.9586362420211749,0.9570458031996494,0.8787712762071738,0.954587048379221,0.9468344642510099,0.9391783930153934,0.030488802335326432,54,0.9747743987278871,0.9857739915037843,0.9349570036526857,0.9762405200019848,0.9797103233218447,0.9702912474416372,0.018068954744095308
16.749645137786864,0.9942478885431109,0.16200060844421388,0.01207861715520281,1e-08,1.6,1034,"{'SVM__alpha': 1e-08, 'SVM__gamma_frac': 1.6, 'SVM__n_iter': 1034}",0.9700072621641249,0.9115847914768291,0.9723865877712032,0.9565594349669924,0.9594130806032112,0.9539945087598752,0.02205460294561704,21,0.9796408421632036,0.9763983831999358,0.9700914888988127,0.9904251542944821,0.9777408501559168,0.9788593437424702,0.006611525493577997
16.436052513122558,2.643301794429079,0.15470032691955565,0.031342653115537245,1e-08,1.8,1034,"{'SVM__alpha': 1e-08, 'SVM__gamma_frac': 1.8, 'SVM__n_iter': 1034}",0.9645185949623515,0.9239535393381547,0.8858957057337625,0.9197550088238347,0.9081744466359851,0.9205162243269311,0.02572539487235788,96,0.9638999740073085,0.9314371428898582,0.9351279966717431,0.9476437696327086,0.9784976384557872,0.951321304331481,0.017708209496782173
18.687296915054322,1.9146883348146004,0.1369011878967285,0.03556530497582456,1e-08,2.0,1034,"{'SVM__alpha': 1e-08, 'SVM__gamma_frac': 2.0, 'SVM__n_iter': 1034}",0.967755991285403,0.7426900584795322,0.9113541029870316,0.9133745496768438,0.8857111549419242,0.8842437644045652,0.07569669646771157,134,0.9670955460758681,0.8390396909911871,0.9362799094653034,0.9451480349161637,0.9566754294785599,0.9288477221854163,0.04609489645376159
14.25483946800232,2.367385656013691,0.15120234489440917,0.0546185967556986,3.1622776601683795e-09,0.2,1034,"{'SVM__alpha': 3.1622776601683795e-09, 'SVM__gamma_frac': 0.2, 'SVM__n_iter': 1034}",0.9515919428200129,0.9031838856400259,0.904414224252281,0.9397576232933857,0.8664483395978315,0.9131881977168572,0.03011395784220975,111,1.0,1.0,1.0,1.0,1.0,1.0,0.0
13.830146932601929,1.9710933912292643,0.12459988594055176,0.03807633261955645,3.1622776601683795e-09,0.4,1034,"{'SVM__alpha': 3.1622776601683795e-09, 'SVM__gamma_frac': 0.4, 'SVM__n_iter': 1034}",0.9629629629629629,0.9311010377137231,0.9414743301382977,0.9543313686363618,0.9424948002596769,0.9464931201757741,0.011065980894526952,40,1.0,1.0,1.0,1.0,1.0,1.0,0.0
14.753002595901489,2.3247033981598677,0.12299952507019044,0.04098040433407611,3.1622776601683795e-09,0.6000000000000001,1034,"{'SVM__alpha': 3.1622776601683795e-09, 'SVM__gamma_frac': 0.6000000000000001, 'SVM__n_iter': 1034}",0.9567901234567902,0.9259028570769462,0.9372738772198962,0.9582761418119042,0.8605084374315143,0.9278855425987429,0.035670721167658855,83,0.9829457364341087,0.990618742819629,1.0,1.0,0.9751159656897043,0.9897360889886884,0.009709085532371292
15.72237811088562,0.4824226829169108,0.16517925262451172,0.018065634941754775,3.1622776601683795e-09,0.8,1034,"{'SVM__alpha': 3.1622776601683795e-09, 'SVM__gamma_frac': 0.8, 'SVM__n_iter': 1034}",0.947265221878225,0.9031838856400259,0.9580204620690452,0.954587048379221,0.8360727591496822,0.9199871207325883,0.04618538215081087,97,0.9654569362261671,0.9979572441116187,0.9669325455440669,0.9861874281962908,0.9287491253984297,0.9690566558953148,0.023540918419272854
17.200395584106445,0.3530163728001952,0.1365673542022705,0.024670497960964887,3.1622776601683795e-09,1.0,1034,"{'SVM__alpha': 3.1622776601683795e-09, 'SVM__gamma_frac': 1.0, 'SVM__n_iter': 1034}",0.9551083591331269,0.944932735081183,0.9044372931012609,0.9627322744731651,0.893600701293009,0.932245042863796,0.027831115195511364,73,0.959526627218935,0.9901526341703593,0.958139534883721,0.9837124569177745,0.9964873169575287,0.9776037140296637,0.0158557114838524
14.814542102813721,2.0272857761294185,0.1270517349243164,0.019772282077559378,3.1622776601683795e-09,1.2,1034,"{'SVM__alpha': 3.1622776601683795e-09, 'SVM__gamma_frac': 1.2, 'SVM__n_iter': 1034}",0.943343653250774,0.9320987654320987,0.8920916140889151,0.9718752282854846,0.9861932938856015,0.9450510962461992,0.03279654587850074,46,0.9412043790040212,0.95722808102321,0.9421432906232466,0.9897862205580938,0.9833552163685103,0.9627434375154162,0.020370929252022708
16.22473278045654,1.6127128853228907,0.1228212833404541,0.02925711289171359,3.1622776601683795e-09,1.4000000000000001,1034,"{'SVM__alpha': 3.1622776601683795e-09, 'SVM__gamma_frac': 1.4000000000000001, 'SVM__n_iter': 1034}",0.9781408859840233,0.9570458031996494,0.8735730955703966,0.9662137482650303,0.9779315991217298,0.9505585770602326,0.03931243187104251,26,0.9811912297601029,0.9857739915037842,0.9328409650418513,0.9812035923801236,0.9803349016175211,0.9722689360606764,0.019806295110153204
16.791015100479125,1.373435978978934,0.12478551864624024,0.02713007780631871,3.1622776601683795e-09,1.6,1034,"{'SVM__alpha': 3.1622776601683795e-09, 'SVM__gamma_frac': 1.6, 'SVM__n_iter': 1034}",0.9199174406604747,0.9239535393381547,0.8066695887208708,0.9662137482650303,0.9101468332237562,0.9053843690029928,0.05298266078373719,120,0.8873845236457043,0.9324218794728224,0.8723758487627816,0.9840976492276687,0.9839136896620895,0.9320387181542135,0.04680800542059577
15.619809913635255,1.4501512250706032,0.1423567771911621,0.033724657577261764,3.1622776601683795e-09,1.8,1034,"{'SVM__alpha': 3.1622776601683795e-09, 'SVM__gamma_frac': 1.8, 'SVM__n_iter': 1034}",0.8496388028895769,0.9343268317627292,0.8942966115705657,0.9721309080283439,0.8328950252027174,0.896724225128483,0.05173736056062829,126,0.8256948458021804,0.9531425692464476,0.9612966461704053,0.9864862079626259,0.9132835542272169,0.9279807646817753,0.05629274990261653
17.08977551460266,1.1347598430674462,0.139023494720459,0.027556246164938986,3.1622776601683795e-09,2.0,1034,"{'SVM__alpha': 3.1622776601683795e-09, 'SVM__gamma_frac': 2.0, 'SVM__n_iter': 1034}",0.9145549057829759,0.857978553660065,0.9284096719994157,0.9721309080283438,0.9062020600482138,0.9158701132086748,0.036807565119365636,108,0.9340160237297983,0.9187239645952847,0.969704464520857,0.9845768876980446,0.9749849554133158,0.9564012591914601,0.02544355468013223
15.220164060592651,1.196041730698475,0.13197751045227052,0.028141818174675787,1e-09,0.2,1034,"{'SVM__alpha': 1e-09, 'SVM__gamma_frac': 0.2, 'SVM__n_iter': 1034}",0.9753086419753086,0.9031838856400259,0.9063866108400523,0.9476471696444706,0.8617820119997188,0.9190027775699531,0.03915826810632741,101,1.0,1.0,1.0,1.0,1.0,1.0,0.0
15.322431993484496,0.9833884255970974,0.15484142303466797,0.02659855220019192,1e-09,0.4,1034,"{'SVM__alpha': 1e-09, 'SVM__gamma_frac': 0.4, 'SVM__n_iter': 1034}",0.9795206971677559,0.9145549057829759,0.935301490632125,0.9543313686363618,0.9610133187781955,0.948949681605447,0.022284819596862265,36,1.0,0.9984496124031007,1.0,1.0,1.0,0.9996899224806202,0.0006201550387597177
15.181773900985718,0.7315958020840646,0.1464010238647461,0.02743254599732924,1e-09,0.6000000000000001,1034,"{'SVM__alpha': 1e-09, 'SVM__gamma_frac': 0.6000000000000001, 'SVM__n_iter': 1034}",0.9551083591331269,0.9268775159463418,0.943446716726069,0.9587875012976228,0.9365548980933596,0.94417663063069,0.011759662819155713,48,0.9827218934911244,0.989141637945183,1.0,0.9649630723781388,1.0,0.9873653207628893,0.013006519066235126
16.04392557144165,1.5708857816847264,0.1396023750305176,0.028116965015448827,1e-09,0.8,1034,"{'SVM__alpha': 1e-09, 'SVM__gamma_frac': 0.8, 'SVM__n_iter': 1034}",0.9492260061919505,0.9268775159463418,0.9395019435505266,0.904183535762483,0.834100372561911,0.9109365209034456,0.04110919538501961,118,0.9674293228139382,0.9930937140981453,0.990126374528147,0.9244838339077631,0.9116522843297313,0.957357105935545,0.033531962101071594
15.237485885620117,1.7083828139682733,0.14419999122619628,0.026011019346492158,1e-09,1.0,1034,"{'SVM__alpha': 1e-09, 'SVM__gamma_frac': 1.0, 'SVM__n_iter': 1034}",0.947265221878225,0.9382716049382716,0.8911169552195195,0.954587048379221,0.8301555993863684,0.9124440777792341,0.04656146484470096,115,0.9249704142011835,0.9876701819472593,0.9255813953488372,0.9822484818644346,0.8950024618414574,0.9430945870406344,0.03596682129873023
16.984973669052124,1.7253545052312553,0.1443180561065674,0.031138431591582565,1e-09,1.2,1034,"{'SVM__alpha': 1e-09, 'SVM__gamma_frac': 1.2, 'SVM__n_iter': 1034}",0.9491228070175438,0.9362992183505003,0.9158083132442107,0.9506422752036787,0.9002849002849002,0.9304968332662115,0.019546947978981336,76,0.9269045762426801,0.9758327321860008,0.9778754880743821,0.985648036824568,0.9606351311014558,0.9653791928858173,0.02087612109566272
16.55327162742615,1.6631298459069954,0.16938300132751466,0.018208641776631108,1e-09,1.4000000000000001,1034,"{'SVM__alpha': 1e-09, 'SVM__gamma_frac': 1.4000000000000001, 'SVM__n_iter': 1034}",0.9778503994190267,0.9175269424932042,0.8869165023011176,0.9565594349669924,0.893600701293009,0.926587685915123,0.03543237627689742,85,0.98442961332049,0.9561135729525684,0.9199454959751755,0.979700227863465,0.9797052844650606,0.9639788389153517,0.024139242046958134
16.23017020225525,1.0763836243436304,0.14763154983520507,0.025012435314688698,1e-09,1.6,1034,"{'SVM__alpha': 1e-09, 'SVM__gamma_frac': 1.6, 'SVM__n_iter': 1034}",0.9586362420211749,0.9696471619548543,0.9439580762117876,0.9721309080283439,0.9038575250476556,0.9497291647657317,0.024903469486748302,33,0.9624272586884394,0.9879633128370718,0.9781629700876722,0.990006068725453,0.9839136896620895,0.9804946600001452,0.009897526993889004
14.89438967704773,1.3105705933565623,0.14020328521728515,0.04669443479126709,1e-09,1.8,1034,"{'SVM__alpha': 1e-09, 'SVM__gamma_frac': 1.8, 'SVM__n_iter': 1034}",0.968149677024806,0.9116078603258091,0.8858957057337625,0.9506422752036787,0.9617576156037694,0.9355942868880389,0.03168274946432044,66,0.9681956485176522,0.923119553891427,0.9667314760743363,0.9806379413661884,0.9725231139559057,0.9622415467611019,0.020150826670424296
15.220626735687256,0.7580541890111886,0.02515416145324707,0.01968131960390502,1e-09,2.0,1034,"{'SVM__alpha': 1e-09, 'SVM__gamma_frac': 2.0, 'SVM__n_iter': 1034}",0.7950464396284829,0.9385272846811308,0.8560523047702535,0.9427527288525939,0.9657023887793118,0.8994204128753671,0.06418845668091716,123,0.8029795269330153,0.9635029141332601,0.9117011896991973,0.9707905755365478,0.9763959552856648,0.9250740323175369,0.06524817579585626
