mean_fit_time,mean_score_time,mean_test_score,mean_train_score,param_SVM__alpha,param_SVM__gamma_frac,param_SVM__n_iter,params,rank_test_score,split0_test_score,split0_train_score,split1_test_score,split1_train_score,split2_test_score,split2_train_score,split3_test_score,split3_train_score,split4_test_score,split4_train_score,std_fit_time,std_score_time,std_test_score,std_train_score
26.016798067092896,0.08960103988647461,0.6189533593007809,0.6326393151614693,0.1,0.2,428,"{'SVM__alpha': 0.1, 'SVM__gamma_frac': 0.2, 'SVM__n_iter': 428}",29,0.6304278677756259,0.6258837122025993,0.6347016366970857,0.6198118738919252,0.6057126634600626,0.6380229779137371,0.6125328323750195,0.6350023980608479,0.611325533705792,0.6444756137382373,4.250073528338719,0.020693196143514253,0.011442015080675874,0.008773224837873328
30.50299949645996,0.08440089225769043,0.6243948881632813,0.6275632877008455,0.1,0.4,428,"{'SVM__alpha': 0.1, 'SVM__gamma_frac': 0.4, 'SVM__n_iter': 428}",25,0.629227104772409,0.6256489747576695,0.6486019264244366,0.6156894544000826,0.6134228665012201,0.6330001208544861,0.6175391554795485,0.6348932738177848,0.6131253885437933,0.6285846146742041,5.462184628747485,0.014622555584374678,0.013445249655470809,0.006767325487964589
30.261600971221924,0.09479813575744629,0.618193547208884,0.6193787119681773,0.1,0.6000000000000001,428,"{'SVM__alpha': 0.1, 'SVM__gamma_frac': 0.6000000000000001, 'SVM__n_iter': 428}",31,0.6148901872096849,0.6172500225122062,0.6522458093611603,0.6076542792542862,0.6041943486432605,0.6237862644859409,0.6197520383126254,0.6235605735961958,0.5998383567263298,0.6246424199922581,5.180068290198318,0.013644833229450105,0.018471915604632273,0.006428292919555444
26.499998903274538,0.1078040599822998,0.6121485907675271,0.6117705544318577,0.1,0.8,428,"{'SVM__alpha': 0.1, 'SVM__gamma_frac': 0.8, 'SVM__n_iter': 428}",37,0.6060296362380461,0.6100158034839568,0.6434368453622786,0.6045176031267085,0.6012372275778819,0.607981901765854,0.6137299887211934,0.6212606171596287,0.596276635483551,0.6150768466231404,4.0869776335665815,0.027514810170403803,0.016674833065018026,0.005848610111450512
32.943203639984134,0.10079760551452636,0.6027368680219644,0.6052531390949283,0.1,1.0,428,"{'SVM__alpha': 0.1, 'SVM__gamma_frac': 1.0, 'SVM__n_iter': 428}",43,0.593784990511754,0.6071155529922071,0.646281899913967,0.5975284884031562,0.5793542147464849,0.6004471785129011,0.6049144988583095,0.6125985811903227,0.5893048297832939,0.6085758943760546,4.514343214293911,0.01340630060611353,0.023276401129054408,0.005499678048499154
23.973999071121217,0.08420157432556152,0.5926595181378839,0.5957580353529505,0.1,1.2,428,"{'SVM__alpha': 0.1, 'SVM__gamma_frac': 1.2, 'SVM__n_iter': 428}",52,0.585074518110661,0.5994688758645011,0.6351515577491421,0.5888961180729548,0.5630022544029681,0.5919843790713859,0.5951473059227996,0.6029870509788579,0.584875170189539,0.5954537527770526,0.27258337591432513,0.011197327719219009,0.02370588975082377,0.005048722266012824
30.33079252243042,0.09219970703125,0.586424918535136,0.587938162526684,0.1,1.4000000000000001,428,"{'SVM__alpha': 0.1, 'SVM__gamma_frac': 1.4000000000000001, 'SVM__n_iter': 428}",65,0.5846742488386052,0.590597512108684,0.6199439468475001,0.5836126823620743,0.5608293069669157,0.5855639189566224,0.5875270707205169,0.5946905808009498,0.5790986191498831,0.5852261184050895,5.036049471702657,0.01907241399826243,0.019165918689280144,0.004107780112221412
26.41919913291931,0.09200177192687989,0.5813431873172012,0.5811637653146966,0.1,1.6,428,"{'SVM__alpha': 0.1, 'SVM__gamma_frac': 1.6, 'SVM__n_iter': 428}",83,0.571979367400676,0.5847855783726352,0.6163306113244849,0.5795285066708742,0.5573773401486123,0.5762053543527108,0.5856155144942399,0.5854944255128302,0.5753852611218042,0.5798049616644326,4.050651976936378,0.007798197384901884,0.019699316513087862,0.003492231522635931
33.07860021591186,0.12000069618225098,0.575911552708605,0.5752145604775815,0.1,1.8,428,"{'SVM__alpha': 0.1, 'SVM__gamma_frac': 1.8, 'SVM__n_iter': 428}",102,0.5699871180693076,0.5804242221050588,0.6001644063608006,0.5748520054461397,0.5541607748372588,0.5714678119849254,0.5819021564661612,0.5764132299887933,0.5733220681102271,0.5729155328629902,4.134881634468918,0.01804465685130474,0.015092688182668616,0.0030994348278554473
24.535999727249145,0.08240046501159667,0.571215832207197,0.570311081271717,0.1,2.0,428,"{'SVM__alpha': 0.1, 'SVM__gamma_frac': 2.0, 'SVM__n_iter': 428}",115,0.5648108638063637,0.5724039327990437,0.592527913375104,0.5689235600974432,0.5541607748372588,0.5659969137705356,0.5748465860442541,0.5736183410256495,0.5697184645066236,0.5706126586659136,0.3800910944805611,0.007337016776921094,0.012661931481941398,0.0026812758066790954
29.80279884338379,0.10720129013061523,0.6388798180205881,0.650056279889702,0.03162277660168379,0.2,428,"{'SVM__alpha': 0.03162277660168379, 'SVM__gamma_frac': 0.2, 'SVM__n_iter': 428}",11,0.6574184388620056,0.647382993479572,0.6591239335156717,0.6345536802608379,0.6248600110388319,0.659009245241323,0.6236628094144302,0.6508809057269888,0.6292357442631353,0.6584545747397886,5.2255854468190215,0.015024648250540961,0.015969932894784083,0.008931338177801592
26.03359909057617,0.09220423698425292,0.6391856572421775,0.6445332633628794,0.03162277660168379,0.4,428,"{'SVM__alpha': 0.03162277660168379, 'SVM__gamma_frac': 0.4, 'SVM__n_iter': 428}",10,0.6499997893791336,0.6438018031584696,0.6625080282703247,0.6353401955598161,0.6218610076126284,0.6499678623480091,0.6330987921127138,0.6436565941345233,0.6283836985701589,0.649899861613579,4.0326446962740965,0.014983103674835208,0.014932786549347675,0.005369382115511714
32.163799142837526,0.08640060424804688,0.6341567973294476,0.640812319437275,0.03162277660168379,0.6000000000000001,428,"{'SVM__alpha': 0.03162277660168379, 'SVM__gamma_frac': 0.6000000000000001, 'SVM__n_iter': 428}",16,0.6492994077789367,0.6410611081047729,0.667274370967702,0.6325286838242709,0.6061237444913375,0.642962606911608,0.6236787020724297,0.6404449051968867,0.6242991949078294,0.6470642931488362,4.174283230550416,0.020923660198399103,0.02153679545289819,0.004743973429657285
23.89540066719055,0.09159893989562988,0.633024050701819,0.6358074399273181,0.03162277660168379,0.8,428,"{'SVM__alpha': 0.03162277660168379, 'SVM__gamma_frac': 0.8, 'SVM__n_iter': 428}",19,0.6516829637923013,0.6339260897561237,0.6615494342082825,0.628607710943192,0.6083366273244144,0.6344200088344714,0.6283678059121593,0.6409345603827155,0.61507067704987,0.6411488297200886,0.2584780150609407,0.015955913388484764,0.020570549736813184,0.0047353637670485855
29.707600402832032,0.08579959869384765,0.6289390564073227,0.6317163790243884,0.03162277660168379,1.0,428,"{'SVM__alpha': 0.03162277660168379, 'SVM__gamma_frac': 1.0, 'SVM__n_iter': 428}",22,0.6427223903155989,0.6320972506957586,0.6657670047832833,0.6269262115359009,0.6007582744829566,0.6226029307678015,0.6349424762753405,0.6380414782068238,0.60039487142568,0.6389140239156565,5.100879218550016,0.018257126919872996,0.025262386161249793,0.006292196414158497
26.37400040626526,0.07340044975280761,0.6246223129928877,0.6262705689323749,0.03162277660168379,1.2,428,"{'SVM__alpha': 0.03162277660168379, 'SVM__gamma_frac': 1.2, 'SVM__n_iter': 428}",24,0.6357040101047825,0.6278181848090176,0.6581902549695303,0.6225702689632722,0.5947203322335252,0.6163831998901907,0.6427124012991229,0.6310462192716475,0.5916891359872714,0.6335349717277463,3.869382453356152,0.007888459491315225,0.026661894156311847,0.006155091964799785
28.010000038146973,0.07600069046020508,0.6215770539262411,0.6193242391504092,0.03162277660168379,1.4000000000000001,428,"{'SVM__alpha': 0.03162277660168379, 'SVM__gamma_frac': 1.4000000000000001, 'SVM__n_iter': 428}",27,0.6250012883723212,0.6211496736394305,0.6563884531677284,0.6165503509523018,0.5938264041797238,0.6076368871571768,0.63494052931154,0.626545434140352,0.597657259209252,0.6247388498627849,1.8536152219667095,0.008245526898891914,0.0234251696429261,0.006768818651321233
26.004801177978514,0.07699956893920898,0.6131256057557122,0.6129541796099987,0.03162277660168379,1.6,428,"{'SVM__alpha': 0.03162277660168379, 'SVM__gamma_frac': 1.6, 'SVM__n_iter': 428}",35,0.620025168745405,0.6220560520865467,0.6490617596166344,0.6095331642897648,0.5826444477346624,0.5981671474205686,0.6289444694229336,0.6243014310473568,0.5848670201085138,0.6107131032057561,2.1818924576336935,0.011099329353650262,0.0257521411150172,0.009455012300405916
25.863399839401247,0.07380118370056152,0.6063981675733563,0.6073187877859033,0.03162277660168379,1.8,428,"{'SVM__alpha': 0.03162277660168379, 'SVM__gamma_frac': 1.8, 'SVM__n_iter': 428}",42,0.6176827062074631,0.6128714309108729,0.6397929624255547,0.606608218832042,0.5785599440723329,0.5917428350162046,0.6099068762686393,0.6186326536981093,0.5859525203446397,0.6067388004722881,2.1247737829681945,0.008448506292696986,0.022125488979951823,0.00896980496731873
28.25560030937195,0.0866002082824707,0.5951997707050548,0.5998884409989863,0.03162277660168379,2.0,428,"{'SVM__alpha': 0.03162277660168379, 'SVM__gamma_frac': 2.0, 'SVM__n_iter': 428}",49,0.608421975589669,0.6086746808424884,0.6179115526218624,0.5984315380250834,0.5659473314597202,0.5834118972065361,0.6064549094503359,0.613531105906503,0.5771789128425808,0.5953929830143206,2.095025298879288,0.01853227163400893,0.01998607743826556,0.010555837441701363
23.580000495910646,0.07640113830566406,0.649725643643135,0.6616641062719598,0.01,0.2,428,"{'SVM__alpha': 0.01, 'SVM__gamma_frac': 0.2, 'SVM__n_iter': 428}",3,0.6711550421425466,0.6582157907878075,0.6785450149707107,0.6491011282153347,0.6266618128406337,0.6697455932724731,0.6410641832464218,0.6636710146372627,0.631079428425762,0.6675870044469207,0.159988811740126,0.0076050300412596385,0.021190120579230608,0.0074045679610174504
25.555599403381347,0.07980003356933593,0.6481511815821355,0.6562278599134744,0.01,0.4,428,"{'SVM__alpha': 0.01, 'SVM__gamma_frac': 0.4, 'SVM__n_iter': 428}",4,0.6610526346922683,0.6561281956097891,0.6782700431921507,0.645522562848832,0.6167169934169984,0.6585254255765136,0.6423432026286728,0.6578200760021641,0.642277277528823,0.663143039530073,2.2712428561087497,0.018313242356016453,0.02063914728799443,0.005835186156320121
25.381599998474123,0.0699997901916504,0.6398189282954111,0.6514721366268722,0.01,0.6000000000000001,428,"{'SVM__alpha': 0.01, 'SVM__gamma_frac': 0.6000000000000001, 'SVM__n_iter': 428}",9,0.6490580900415855,0.6498270163771849,0.6758445424995398,0.6417135016153143,0.6091805229363656,0.6500910172133493,0.6391685196781443,0.6542198428519562,0.6257496376609811,0.6615093050765566,2.245813756771699,0.00887591182322845,0.022450889763098673,0.006451968827355735
27.856201219558717,0.08659920692443848,0.6363725261735275,0.649157030681858,0.01,0.8,428,"{'SVM__alpha': 0.01, 'SVM__gamma_frac': 0.8, 'SVM__n_iter': 428}",13,0.6368134443152936,0.649970139176592,0.6840547231235136,0.6409392080744984,0.5965838029817524,0.6499184760799033,0.639058765253669,0.6499796602492003,0.6252687376022552,0.6549776698290962,2.1702963101310844,0.015094217248163651,0.0282391081168454,0.004545989714283799
24.59699950218201,0.07420082092285156,0.6329914000903389,0.6445360514656472,0.01,1.0,428,"{'SVM__alpha': 0.01, 'SVM__gamma_frac': 1.0, 'SVM__n_iter': 428}",20,0.6431314429259128,0.6468064322785636,0.6793827710333924,0.6345470246244068,0.5984674225414035,0.6409460284501101,0.6310534387229366,0.6459641198338618,0.6128077617749427,0.6544166521412936,1.7491339680802633,0.008447860417716191,0.027778024685345605,0.006595289235486886
26.377600622177123,0.08040018081665039,0.6336441920483987,0.6420915138104957,0.01,1.2,428,"{'SVM__alpha': 0.01, 'SVM__gamma_frac': 1.2, 'SVM__n_iter': 428}",17,0.6465155824935163,0.6446639344507866,0.6698347218214188,0.6325727745930501,0.6048904561192845,0.6333139788552856,0.6277949910507582,0.6481442620294403,0.6190791585675236,0.6517626191239158,1.9451354836634758,0.012108699918773959,0.0225776409046102,0.007803010997242872
26.353998613357543,0.07740135192871093,0.6336269083084097,0.6360560577213764,0.01,1.4000000000000001,428,"{'SVM__alpha': 0.01, 'SVM__gamma_frac': 1.4000000000000001, 'SVM__n_iter': 428}",18,0.6513916348024185,0.6406706619402622,0.6682024176160356,0.6324422494618397,0.6076680037327371,0.6239967195914593,0.6226509768551283,0.6442298325873593,0.6181014657920724,0.6389408250259617,2.1337906639827704,0.008138297550580586,0.022569614975802614,0.007140228236221945
24.69579839706421,0.0892000675201416,0.6315955610833943,0.6332794015880253,0.01,1.6,428,"{'SVM__alpha': 0.01, 'SVM__gamma_frac': 1.6, 'SVM__n_iter': 428}",21,0.6477573941592055,0.6412916483587174,0.6626969897055666,0.6317287055389197,0.6053694092142099,0.6177364445286789,0.6337371245699135,0.6440027631614891,0.6083082831537372,0.6316374463523216,1.490919453618931,0.012875469199306069,0.022195578510010285,0.009228984463429962
27.48419871330261,0.08120265007019042,0.6264513944813952,0.6237803426180548,0.01,1.8,428,"{'SVM__alpha': 0.01, 'SVM__gamma_frac': 1.8, 'SVM__n_iter': 428}",23,0.6500909389200384,0.6334262396396511,0.6640792376482908,0.6281006519308788,0.590531869759894,0.5991240756090699,0.6286590354741332,0.6341873449199718,0.598750502022352,0.6240634009907023,1.5565032921432929,0.007678265757560102,0.0284158347218259,0.01286876624764396
25.98139843940735,0.07340040206909179,0.6210098332920125,0.6225967494832538,0.01,2.0,428,"{'SVM__alpha': 0.01, 'SVM__gamma_frac': 2.0, 'SVM__n_iter': 428}",28,0.6374460687346409,0.6336795436486099,0.6598865825891906,0.6247978579768418,0.5835441714016373,0.5986359807908179,0.6310495447953356,0.6325671505666756,0.5929999406855214,0.623303214433324,2.2031221863598334,0.013154463266845919,0.028530366128318746,0.012662540281749058
25.199998950958253,0.0648012638092041,0.6502439452100776,0.6663672975258258,0.0031622776601683794,0.2,428,"{'SVM__alpha': 0.0031622776601683794, 'SVM__gamma_frac': 0.2, 'SVM__n_iter': 428}",1,0.6712050533950785,0.6603253724632503,0.6819193778059522,0.653814030803612,0.6304988709873868,0.6717026536482112,0.6345732776048904,0.6715166400727597,0.6328971228855633,0.6744777906412959,2.2101931202213034,0.006306260738208954,0.02181663953056498,0.007935379210286617
23.153197145462038,0.08440103530883789,0.6500199565104025,0.6650420520769302,0.0031622776601683794,0.4,428,"{'SVM__alpha': 0.0031622776601683794, 'SVM__gamma_frac': 0.4, 'SVM__n_iter': 428}",2,0.6724968315003493,0.6623032386543144,0.6857870498339603,0.6528580896179977,0.6251093582399809,0.6695659733983123,0.6346310526237148,0.6660565375722558,0.631937269731912,0.6744264211417713,0.15177821944284556,0.014866134422362634,0.024370902180767862,0.007287132053860478
26.95299873352051,0.0756007194519043,0.6432304019533519,0.6568203930307316,0.0031622776601683794,0.6000000000000001,428,"{'SVM__alpha': 0.0031622776601683794, 'SVM__gamma_frac': 0.6000000000000001, 'SVM__n_iter': 428}",8,0.6645278789878262,0.6518939054130083,0.6759042856714833,0.6463714062918611,0.6144641299086692,0.6566972879289202,0.6359100720059657,0.6611311802290518,0.6252167581966043,0.6680081852908166,1.7603866589785828,0.01640290415619437,0.023355177495259755,0.007446023648992595
25.20379900932312,0.08080039024353028,0.6438413749349821,0.6485149630248331,0.0031622776601683794,0.8,428,"{'SVM__alpha': 0.0031622776601683794, 'SVM__gamma_frac': 0.8, 'SVM__n_iter': 428}",6,0.660693458895635,0.6463462562158703,0.6926441782734449,0.6418229477419158,0.6065983961546108,0.6386881089080751,0.637298845812692,0.6619350993649685,0.6218307164781508,0.6537824028933359,2.1421634579849913,0.0044899205246388355,0.030266696514568734,0.008413077935668952
25.03640208244324,0.09319806098937988,0.6359999049409139,0.6408286586315586,0.0031622776601683794,1.0,428,"{'SVM__alpha': 0.0031622776601683794, 'SVM__gamma_frac': 1.0, 'SVM__n_iter': 428}",14,0.6536161944681281,0.6372620651999844,0.6874680136364015,0.6375269461188888,0.5984813682356025,0.6250525344894092,0.6356486807961905,0.6586865155571184,0.6046368074864833,0.6456152317923921,2.1525452999440393,0.01763785515812002,0.03271332752042146,0.011084424421400991
26.81019992828369,0.07320003509521485,0.6239106196727428,0.6252416637570388,0.0031622776601683794,1.2,428,"{'SVM__alpha': 0.0031622776601683794, 'SVM__gamma_frac': 1.2, 'SVM__n_iter': 428}",26,0.6420631021908245,0.6302696919906233,0.667987189009419,0.6288947444376598,0.5926109554294707,0.6113616706234037,0.6305864843584097,0.6455864855084139,0.586167727761938,0.6100957262250936,1.8555514219993057,0.014593576847717284,0.030726613074793643,0.013225668010224808
23.887400102615356,0.0796006202697754,0.6187589365987266,0.6188257790747607,0.0031622776601683794,1.4000000000000001,428,"{'SVM__alpha': 0.0031622776601683794, 'SVM__gamma_frac': 1.4000000000000001, 'SVM__n_iter': 428}",30,0.6281263642742556,0.6230848726283963,0.6771462317760235,0.6328262652887738,0.5893505607934919,0.5973007247801678,0.6206696016014004,0.6511049685909424,0.5783698660715296,0.5898120640855227,1.6689625347648838,0.009330327057768897,0.03463114858637523,0.022632822129866486
25.748599004745483,0.07560138702392578,0.615446033971654,0.6137275452159866,0.0031622776601683794,1.6,428,"{'SVM__alpha': 0.0031622776601683794, 'SVM__gamma_frac': 1.6, 'SVM__n_iter': 428}",34,0.6338527423150496,0.6192833962007537,0.6682567091109013,0.6253616232655804,0.5930379291187453,0.5968187065153253,0.6202724662643243,0.6446139451868665,0.5616568571385882,0.582560054911407,2.0569939206690644,0.0057136269114286915,0.03618198002204329,0.021806009417044612
25.916997814178465,0.07380590438842774,0.6083962854750699,0.6078558204277347,0.0031622776601683794,1.8,428,"{'SVM__alpha': 0.0031622776601683794, 'SVM__gamma_frac': 1.8, 'SVM__n_iter': 428}",38,0.6211079392504891,0.6230304476387565,0.670108522165235,0.6264794138356722,0.5841285774893856,0.5894893640017871,0.6179478820429717,0.6372607573812786,0.5485393017282246,0.5630191192811788,2.064065303564561,0.007055255403399253,0.04057491076965227,0.027529672540774444
24.042999935150146,0.07300004959106446,0.6071151656882244,0.6065792479692913,0.0031622776601683794,2.0,428,"{'SVM__alpha': 0.0031622776601683794, 'SVM__gamma_frac': 2.0, 'SVM__n_iter': 428}",41,0.630068423101291,0.617794826381287,0.6580598652714879,0.6200199373286871,0.5816783461855584,0.5880800307032978,0.6225113388002265,0.6409813629527467,0.5430920139619944,0.5660200824804381,1.6280394929273097,0.0035773028928901356,0.040257112545457996,0.026371248698204997
24.094000720977782,0.07940044403076171,0.6446593179895049,0.6728092339290623,0.001,0.2,428,"{'SVM__alpha': 0.001, 'SVM__gamma_frac': 0.2, 'SVM__n_iter': 428}",5,0.6578186185081608,0.6660161953348378,0.6791492500226965,0.6645171056757482,0.6161263389337973,0.6772454725448461,0.633032867012864,0.6771355406318449,0.6370653912695425,0.6791318554580347,1.5363228801146442,0.014622815776480216,0.021771039065600874,0.006217353939633355
25.529198455810548,0.08159995079040527,0.6432720850507356,0.661699097104126,0.001,0.4,428,"{'SVM__alpha': 0.001, 'SVM__gamma_frac': 0.4, 'SVM__n_iter': 428}",7,0.6566678667574758,0.6552227470453895,0.6802968055199807,0.6554439920728604,0.615868796373395,0.6581517111988807,0.6346570423265402,0.6751353058578398,0.6287606398175831,0.6645417293456597,2.0754738959606884,0.008065130334545858,0.0227434509367123,0.00751352992314763
25.32399911880493,0.08120102882385254,0.6359020341743881,0.6430929225851756,0.001,0.6000000000000001,428,"{'SVM__alpha': 0.001, 'SVM__gamma_frac': 0.6000000000000001, 'SVM__n_iter': 428}",15,0.6407711896467028,0.6379164963059349,0.6824724301706623,0.6490437995606936,0.6088011819428615,0.6315662656817999,0.632017140525961,0.657840047861421,0.6153518095670178,0.6390980035160283,2.0255558928934776,0.022462313426424338,0.025941120959596314,0.009257529124476105
23.573599815368652,0.07640023231506347,0.6164588353492226,0.6159701362734458,0.001,0.8,428,"{'SVM__alpha': 0.001, 'SVM__gamma_frac': 0.8, 'SVM__n_iter': 428}",32,0.6051702134772439,0.5987845415392741,0.6830058384758192,0.6356539080515472,0.5922557024532197,0.6088043381094113,0.6326616761003854,0.6381193866410715,0.5691254555555707,0.598488507025925,2.002467434576118,0.011342668324346983,0.03910210809550146,0.017494804109236504
26.287202072143554,0.08439817428588867,0.6079777726722225,0.6080964563526613,0.001,1.0,428,"{'SVM__alpha': 0.001, 'SVM__gamma_frac': 1.0, 'SVM__n_iter': 428}",39,0.6024274368542959,0.5943683843720237,0.6775449701408042,0.6341163579514063,0.5842383319138609,0.5925769635449929,0.6309277463622339,0.6409756416049646,0.5446502641758207,0.5784449342899189,1.765455576266805,0.015025958726638986,0.044652406489677894,0.024765312354233633
24.5697998046875,0.07160167694091797,0.607581007773383,0.6075136406217705,0.001,1.2,428,"{'SVM__alpha': 0.001, 'SVM__gamma_frac': 1.2, 'SVM__n_iter': 428}",40,0.6155226771901815,0.6066951018583352,0.659881130912113,0.6327203692583221,0.5917069303308434,0.5942215613706099,0.6243771187380777,0.627192132499818,0.5463004291923225,0.5767390381217674,2.4782745634114014,0.007864299757582684,0.03764411825378433,0.020722199433026927
24.317801332473756,0.07899985313415528,0.6000997643782877,0.5986916572223849,0.001,1.4000000000000001,428,"{'SVM__alpha': 0.001, 'SVM__gamma_frac': 1.4000000000000001, 'SVM__n_iter': 428}",45,0.6228411249161887,0.6131272701927706,0.6665438462392778,0.6247847887399526,0.5730563754687994,0.5837731371008303,0.6120836723540649,0.6164939690735992,0.5257821474286268,0.5552791210047718,2.5157544334878073,0.006164988292955477,0.04759778412276496,0.025742460196859704
26.248397302627563,0.06820120811462402,0.5943750439050832,0.5930015224394805,0.001,1.6,428,"{'SVM__alpha': 0.001, 'SVM__gamma_frac': 1.6, 'SVM__n_iter': 428}",50,0.5982019789578104,0.597993293312764,0.6713158208344625,0.6286352727013944,0.5543398955069055,0.569275503996613,0.5909727891433676,0.590901682719001,0.5568998812352081,0.5782018594676296,2.010241922276632,0.0049151705881480745,0.0423185353593899,0.020401202103127056
22.397799825668336,0.07320132255554199,0.592765333812957,0.5884653970522947,0.001,1.8,428,"{'SVM__alpha': 0.001, 'SVM__gamma_frac': 1.8, 'SVM__n_iter': 428}",51,0.6197570528637761,0.6066065821112159,0.6562123324594881,0.6163219007479261,0.5622036822971638,0.5781259807798235,0.5692929849988702,0.5645549692125522,0.5561595369305073,0.576717552409956,0.2078471153806325,0.008447330987172591,0.03893744817056168,0.019604649119850392
24.455002212524413,0.08019804954528809,0.5887234688813007,0.5882213285990071,0.001,2.0,428,"{'SVM__alpha': 0.001, 'SVM__gamma_frac': 2.0, 'SVM__n_iter': 428}",58,0.5925254329177472,0.5924287338168611,0.6605299255395527,0.6204396580483034,0.5524283392806286,0.5638222392044341,0.5885904299031905,0.5905561395305212,0.5494072400792006,0.5738598723949155,2.1929566049794875,0.010378473754686458,0.04008582342546496,0.019301509479017126
24.36600294113159,0.08199782371520996,0.6380525449630879,0.6745174012982735,0.00031622776601683794,0.2,428,"{'SVM__alpha': 0.00031622776601683794, 'SVM__gamma_frac': 0.2, 'SVM__n_iter': 428}",12,0.6465654593071972,0.6641761524596133,0.6680037242613822,0.6807755348537037,0.6072309329986366,0.659925675759677,0.6304069561847115,0.684854158912401,0.6379752119813435,0.6828554845059729,2.3464402806005347,0.014631640526796654,0.01988832813492611,0.01034791096681996
25.7077995300293,0.07040047645568848,0.6124653176319214,0.6375619631076976,0.00031622776601683794,0.4,428,"{'SVM__alpha': 0.00031622776601683794, 'SVM__gamma_frac': 0.4, 'SVM__n_iter': 428}",36,0.6140982975649808,0.6240670633676351,0.6597478126272104,0.657354201361606,0.5859265306418143,0.6272556551061612,0.627463780813532,0.6721647169683503,0.5750036109386765,0.6069681787347355,1.7535758478544687,0.008016137584323594,0.030232709172333623,0.023720856711833015
23.308599138259886,0.07620067596435547,0.5990374124812834,0.6065168192102048,0.00031622776601683794,0.6000000000000001,428,"{'SVM__alpha': 0.00031622776601683794, 'SVM__gamma_frac': 0.6000000000000001, 'SVM__n_iter': 428}",46,0.5826817306295351,0.5717655386369661,0.6762432808643206,0.6473580317114206,0.5683354863130708,0.6029302476789639,0.6066305889746609,0.6237560720076231,0.5612197864044877,0.5867742060160501,1.6555318530146999,0.0031867213414910234,0.04161950639521048,0.026741287359233226
24.768200635910034,0.08180022239685059,0.5872015390084797,0.5835432285126513,0.00031622776601683794,0.8,428,"{'SVM__alpha': 0.00031622776601683794, 'SVM__gamma_frac': 0.8, 'SVM__n_iter': 428}",63,0.5793387293503046,0.5749920846913437,0.6809348770139948,0.6281198503935994,0.5691754879974209,0.5894731556307238,0.587808203237665,0.5890755494460188,0.5186168225822444,0.5360555024015706,2.184306636901012,0.008183660856384133,0.052683831118040994,0.029600851409059672
24.69360032081604,0.07480101585388184,0.5912642087049702,0.5903702889215645,0.00031622776601683794,1.0,428,"{'SVM__alpha': 0.00031622776601683794, 'SVM__gamma_frac': 1.0, 'SVM__n_iter': 428}",54,0.5779383694664633,0.5829426638839149,0.6977051368089351,0.6538585153218749,0.5724657209855983,0.573432902545023,0.5871597737356394,0.5950353712917906,0.5209154171007717,0.5465819915652195,2.1204988241700686,0.011737074325210501,0.05801577236933187,0.03553020557585877
22.866999483108522,0.07460088729858398,0.5842339692514612,0.5761065276443823,0.00031622776601683794,1.2,428,"{'SVM__alpha': 0.00031622776601683794, 'SVM__gamma_frac': 1.2, 'SVM__n_iter': 428}",73,0.5871987863936052,0.5774540184302189,0.6810557150133555,0.6304775538534344,0.5535735614993794,0.569038746760123,0.546063080721572,0.5361566810330427,0.5531027584854794,0.5674056381450925,1.7756692378390673,0.004586572341036205,0.05050237741549114,0.030593049770886394
25.542800378799438,0.07779998779296875,0.5923262003087868,0.5893357645341984,0.00031622776601683794,1.4000000000000001,428,"{'SVM__alpha': 0.00031622776601683794, 'SVM__gamma_frac': 1.4000000000000001, 'SVM__n_iter': 428}",53,0.612288661006074,0.5990644051466776,0.6969619515742393,0.647900307310605,0.5360942185589117,0.5544491323129968,0.5606372820023119,0.5617148169037621,0.5554013530040067,0.5835501609969506,1.8611776382769465,0.00676589713214649,0.05810263041956462,0.03328038215768334
21.737199115753175,0.07620129585266114,0.5770876136820725,0.5740014427965842,0.00031622776601683794,1.6,428,"{'SVM__alpha': 0.00031622776601683794, 'SVM__gamma_frac': 1.6, 'SVM__n_iter': 428}",96,0.5955089895226426,0.5819644272660154,0.6626683346095213,0.6177883275542623,0.5294935584929051,0.5486993046511555,0.5525121040022785,0.5511301205322637,0.5450454525490963,0.570425033979224,0.12377279637614175,0.008400137157130306,0.04808551187075889,0.025126825009619644
24.535998487472533,0.07600107192993164,0.5721444263446708,0.5703737120148336,0.00031622776601683794,1.8,428,"{'SVM__alpha': 0.00031622776601683794, 'SVM__gamma_frac': 1.8, 'SVM__n_iter': 428}",111,0.5951590451937707,0.5851012947528668,0.6227844508257601,0.5853776467808529,0.571937142952874,0.5849303336048964,0.5074527057589832,0.5062143858786481,0.5632232574334398,0.5902448990569037,2.1907319655991437,0.004774288965714259,0.03835982222574661,0.032140933989525604
22.862002563476562,0.07919812202453613,0.5831548571356807,0.5815965328384118,0.00031622776601683794,2.0,428,"{'SVM__alpha': 0.00031622776601683794, 'SVM__gamma_frac': 2.0, 'SVM__n_iter': 428}",75,0.5885407550032091,0.5847662797732759,0.6509199254516951,0.6083356747314718,0.5663878433391426,0.5779083496749065,0.570454507379672,0.5758024200835967,0.5393367735730906,0.5611699399288084,1.816036932227007,0.014669487259499155,0.03737473823217762,0.015423677514561895
25.252799654006957,0.07620010375976563,0.6155248140093658,0.6460432603740001,0.0001,0.2,428,"{'SVM__alpha': 0.0001, 'SVM__gamma_frac': 0.2, 'SVM__n_iter': 428}",33,0.6249098699537146,0.6361883983083936,0.664869865990118,0.6588558609846308,0.587798151471067,0.6422915008511827,0.6110559924149913,0.6444669450294765,0.588873554662367,0.648413596696317,1.4357270699435773,0.009367888249593047,0.028363285084991956,0.007529409068485928
23.521201133728027,0.07079896926879883,0.5857175183628595,0.5986238738419193,0.0001,0.4,428,"{'SVM__alpha': 0.0001, 'SVM__gamma_frac': 0.4, 'SVM__n_iter': 428}",68,0.5454063633851667,0.5426104651205516,0.6695918293327711,0.6424574877362066,0.59173681396127,0.6324738287453875,0.5848150407028629,0.5970215458430497,0.5370319759373385,0.578556041764401,1.7182850659343212,0.004306660487826158,0.047060497111898074,0.0363592971601342
23.3423987865448,0.07200312614440918,0.5763499984265431,0.5844604501904507,0.0001,0.6000000000000001,428,"{'SVM__alpha': 0.0001, 'SVM__gamma_frac': 0.6000000000000001, 'SVM__n_iter': 428}",98,0.5708285260240903,0.5700421296224851,0.6698557175364457,0.6521530268331467,0.520175072796071,0.5438784581064986,0.5757342657026026,0.5802986213708451,0.5450152066928465,0.575930015019278,1.8771078851009846,0.006693956716430447,0.05082024261567089,0.036130762863142325
24.847999334335327,0.07580070495605469,0.5689771408980457,0.5707709906654216,0.0001,0.8,428,"{'SVM__alpha': 0.0001, 'SVM__gamma_frac': 0.8, 'SVM__n_iter': 428}",127,0.5776967828514105,0.5746568153365416,0.6495320456111634,0.6074604500730467,0.5538527923309549,0.580566205381416,0.5876045870467139,0.5846360626572578,0.47603169838180137,0.5065354198788461,1.5485975736635218,0.010495856803312857,0.05616915980602066,0.03398708893667371
22.75460019111633,0.07360224723815918,0.5597830132272383,0.5597232571492234,0.0001,1.0,428,"{'SVM__alpha': 0.0001, 'SVM__gamma_frac': 1.0, 'SVM__n_iter': 428}",151,0.579880473106449,0.5814977165867844,0.6332965457768539,0.5942704661645861,0.4822612128135573,0.5040486506541662,0.575833923082252,0.574185452181415,0.527448205103128,0.544614000159166,1.997316075881961,0.005311626466282638,0.05122130025135104,0.03226373591160629
24.15639638900757,0.07460207939147949,0.5764652158829502,0.5716563768343603,0.0001,1.2,428,"{'SVM__alpha': 0.0001, 'SVM__gamma_frac': 1.2, 'SVM__n_iter': 428}",97,0.5838146916389522,0.5698947333195292,0.6520423852123484,0.6025530768729198,0.5525121040022783,0.5650414656054814,0.5557705516744568,0.5584685926761505,0.5380317644880142,0.5623240156977207,2.3346248058005106,0.011271988007009473,0.04061174053419319,0.015890104638423302
22.268199396133422,0.07400007247924804,0.5807719462080163,0.5740548047354009,0.0001,1.4000000000000001,428,"{'SVM__alpha': 0.0001, 'SVM__gamma_frac': 1.4000000000000001, 'SVM__n_iter': 428}",87,0.5914747484850759,0.5843874642087011,0.6541275390566481,0.6024793137640292,0.5843143540585366,0.5908396528220199,0.5459114439362718,0.5428996678573667,0.5278693831792289,0.5496679250248877,1.6940185960563632,0.009529593924864686,0.043639204987939884,0.02350238348127576
24.201599264144896,0.07560029029846191,0.5601645287863699,0.5618743396527013,0.0001,1.6,428,"{'SVM__alpha': 0.0001, 'SVM__gamma_frac': 1.6, 'SVM__n_iter': 428}",148,0.5886407775082727,0.5847058995773019,0.5688834942817089,0.5518431816952136,0.5703288602971972,0.5833646675440245,0.5101464886507857,0.4999678919484779,0.562710572058715,0.589490057498488,2.041975210072961,0.006247543892986014,0.026449313656595762,0.03370096316406737
22.504199934005737,0.07080092430114746,0.5746189398239776,0.5706195786118119,0.0001,1.8,428,"{'SVM__alpha': 0.0001, 'SVM__gamma_frac': 1.8, 'SVM__n_iter': 428}",105,0.5950588882498562,0.5850245836683314,0.5863485049901993,0.5465452054792124,0.5622036822971638,0.5748260951306636,0.5736807622318,0.5754914883005838,0.5557127766556325,0.5712105204802684,1.6246582493171773,0.012734003425382707,0.014617829500823465,0.01287524065745414
24.276999521255494,0.08000388145446777,0.5888820263978108,0.5778763976796515,0.0001,2.0,428,"{'SVM__alpha': 0.0001, 'SVM__gamma_frac': 2.0, 'SVM__n_iter': 428}",56,0.6006940719367952,0.5886266581942763,0.6467356506565328,0.5942513417945101,0.5638197075298146,0.5630575068607544,0.5805668562466069,0.5754706960854733,0.5524543289834539,0.5679757854632436,1.8729898991628562,0.01360658837929643,0.03320045780325014,0.011892148194664864
24.089800691604616,0.07600007057189942,0.5963811404444148,0.6224826327263884,3.1622776601683795e-05,0.2,428,"{'SVM__alpha': 3.1622776601683795e-05, 'SVM__gamma_frac': 0.2, 'SVM__n_iter': 428}",47,0.5926106671492126,0.5758803798873322,0.6535256468741502,0.6548416294557176,0.5701570747004732,0.6243053002515109,0.6048245310194348,0.6383138574933629,0.5607028448763384,0.6190719965440183,1.8908414794663153,0.015360631799488777,0.03259394808025007,0.026398700243391342
22.310000801086424,0.07459907531738282,0.5844310819672274,0.5963405470607446,3.1622776601683795e-05,0.4,428,"{'SVM__alpha': 3.1622776601683795e-05, 'SVM__gamma_frac': 0.4, 'SVM__n_iter': 428}",72,0.5683123684907957,0.5608410616762093,0.6612859064460674,0.6372781571307076,0.5583363782941608,0.5918149375299018,0.6027434983860575,0.6309346677901313,0.5314008585657578,0.5608339111767734,1.49128164149767,0.009352351910684911,0.04471173020814066,0.032906099444538
24.380400133132934,0.07880096435546875,0.5584024722469002,0.5659892879252113,3.1622776601683795e-05,0.6000000000000001,428,"{'SVM__alpha': 3.1622776601683795e-05, 'SVM__gamma_frac': 0.6000000000000001, 'SVM__n_iter': 428}",154,0.5253015261767231,0.5084681253445724,0.6329435384222711,0.6106827737697326,0.5378541379998886,0.5537640252307632,0.6009133524135786,0.6245982518639627,0.4949855268144457,0.5324332634170258,1.4866939867701763,0.009239663091201644,0.05079994305549267,0.044758611024648176
23.096797275543214,0.07280073165893555,0.577863025722185,0.5754906085823773,3.1622776601683795e-05,0.8,428,"{'SVM__alpha': 3.1622776601683795e-05, 'SVM__gamma_frac': 0.8, 'SVM__n_iter': 428}",95,0.5902828584460178,0.5845792094165407,0.6629433063880814,0.6292296707120489,0.52953544085373,0.5438951189418729,0.5867886281013888,0.5814428359549624,0.5195766757358957,0.5383062078864613,1.780270606191802,0.00968303229243405,0.05139023933263719,0.0328233852462907
22.968598890304566,0.07680063247680664,0.5784255678020958,0.5750892785788903,3.1622776601683795e-05,1.0,428,"{'SVM__alpha': 3.1622776601683795e-05, 'SVM__gamma_frac': 1.0, 'SVM__n_iter': 428}",93,0.5974101789390068,0.6099130104610958,0.6192378420279698,0.5815299875132866,0.5772905689526285,0.5770638186956054,0.5444129157050703,0.5336185423088383,0.5536414335630298,0.5733210339156253,1.7818475627039814,0.009515752378740689,0.027563174465121083,0.024417299188989907
24.548399114608763,0.07000088691711426,0.5680189897970505,0.5642009085228495,3.1622776601683795e-05,1.2,428,"{'SVM__alpha': 3.1622776601683795e-05, 'SVM__gamma_frac': 1.2, 'SVM__n_iter': 428}",128,0.5764963783517959,0.5759821299718272,0.698530412586075,0.6364918323556732,0.5558124340352817,0.5658645108729711,0.5310180764269321,0.5261919411116431,0.47798513696890343,0.5164741283021331,1.578397976862392,0.008809005395521978,0.07311799899110799,0.042638174384265114
21.417600011825563,0.08920025825500488,0.5658843055285082,0.5652196034352415,3.1622776601683795e-05,1.4000000000000001,428,"{'SVM__alpha': 3.1622776601683795e-05, 'SVM__gamma_frac': 1.4000000000000001, 'SVM__n_iter': 428}",135,0.6222086797486425,0.6269130612796101,0.6018561834070323,0.5557661042713157,0.5195925683938952,0.5400879446846734,0.5838334539998107,0.5849004498171833,0.5016761547193271,0.5184304571234247,0.18134690622408786,0.020073823952168633,0.04702321982997749,0.03769247029763485
23.103199100494386,0.08180108070373535,0.5567846423091929,0.5554982888002529,3.1622776601683795e-05,1.6,428,"{'SVM__alpha': 3.1622776601683795e-05, 'SVM__gamma_frac': 1.6, 'SVM__n_iter': 428}",157,0.5776883132038042,0.5779876326163966,0.5895895495405385,0.5631445024560215,0.569165390952595,0.5667719005623835,0.5541622690187801,0.5511301205322637,0.49318992812986884,0.5184572878341988,1.7672604236964051,0.008328711574713,0.033808402570636095,0.020408067705191126
23.144999074935914,0.07160139083862305,0.5632865537188382,0.5663895515988544,3.1622776601683795e-05,1.8,428,"{'SVM__alpha': 3.1622776601683795e-05, 'SVM__gamma_frac': 1.8, 'SVM__n_iter': 428}",144,0.5792886732848225,0.5623735931849602,0.5811028202066185,0.5675601658172502,0.5574207166909585,0.5658798523731584,0.5836139451508602,0.5804954983183974,0.5149213041759657,0.5556386483005059,2.003965708718371,0.0060200785967308495,0.02591627145244869,0.008152517494812756
24.643997383117675,0.07679991722106934,0.5726976099130981,0.5739152692101438,3.1622776601683795e-05,2.0,428,"{'SVM__alpha': 3.1622776601683795e-05, 'SVM__gamma_frac': 2.0, 'SVM__n_iter': 428}",109,0.5438974665357054,0.5623026988135883,0.6342022450546869,0.5862345726729578,0.55907088170746,0.5695720668662754,0.5819218977735336,0.5768186253254677,0.5443888729660454,0.5746483823724302,1.5041500311970737,0.008423408779200227,0.033728037211448826,0.007930288358751494
21.984599447250368,0.07880105972290039,0.5879161797030228,0.610237145818793,1e-05,0.2,428,"{'SVM__alpha': 1e-05, 'SVM__gamma_frac': 0.2, 'SVM__n_iter': 428}",62,0.5630952000042304,0.5471825401603343,0.6322542842409813,0.6334374174105166,0.5719049954110517,0.6254591941889712,0.594474426177698,0.6280055956726481,0.5778610746244057,0.6171009816614947,1.5068261019072593,0.006337510540889153,0.024432894935655425,0.03196459512004505
23.5669997215271,0.07080163955688476,0.5811601520388224,0.5956935052669841,1e-05,0.4,428,"{'SVM__alpha': 1e-05, 'SVM__gamma_frac': 0.4, 'SVM__n_iter': 428}",85,0.5490993538062193,0.5532281542709908,0.6683331677555377,0.6547008372008777,0.5511512668621781,0.577556806048509,0.6014287997602065,0.6228042858434404,0.5357487004016631,0.5701774429711022,1.7629471967333488,0.01072179633567466,0.04899954977203274,0.0374170415032058
23.703999757766724,0.07860078811645507,0.5619543366622273,0.5657450264639993,1e-05,0.6000000000000001,428,"{'SVM__alpha': 1e-05, 'SVM__gamma_frac': 0.6000000000000001, 'SVM__n_iter': 428}",145,0.46405472593340674,0.46759355623498233,0.6393116379113228,0.6134571876708744,0.5691336056365961,0.5808810571122441,0.5846176276291369,0.5907945628505489,0.5528568977078803,0.5759987684513465,1.6710634356509373,0.01627980175933491,0.05699613668283481,0.050738307730662846
22.12479910850525,0.07320194244384766,0.5861044380535955,0.5806194345023066,1e-05,0.8,428,"{'SVM__alpha': 1e-05, 'SVM__gamma_frac': 0.8, 'SVM__n_iter': 428}",66,0.55943420602969,0.542206019840249,0.6693752490706806,0.6308423888587537,0.5603937304143365,0.5742744481055996,0.5213106054740473,0.5193493360234239,0.6199571486850977,0.6364249796835066,1.558634657271621,0.006110635498382165,0.05225112609135218,0.0467043429741738
24.426199102401732,0.07100071907043456,0.5662127134593646,0.5645741025647235,1e-05,1.0,428,"{'SVM__alpha': 1e-05, 'SVM__gamma_frac': 1.0, 'SVM__n_iter': 428}",133,0.5741126878995804,0.5681198924637274,0.6031175482952132,0.5784594584763635,0.5975753961731747,0.6059182289582742,0.5414158592426673,0.5382434168345648,0.5147518277688655,0.532129516090688,1.5948284605722005,0.006603092691433257,0.033668453461265686,0.02705797008106202
23.124201393127443,0.0919994831085205,0.5698919766032483,0.5689350969790095,1e-05,1.2,428,"{'SVM__alpha': 1e-05, 'SVM__gamma_frac': 1.2, 'SVM__n_iter': 428}",123,0.5684956534575119,0.5936295487445933,0.6232637478567813,0.5862453676184755,0.5786293103175045,0.5848054153973351,0.571751366383723,0.5620543511970472,0.5072331969100325,0.517940801937596,2.0238901436905534,0.009939247220238923,0.037025015775655784,0.027601055101572014
23.310200023651124,0.07780036926269532,0.595814450780933,0.5844314709953625,1e-05,1.4000000000000001,428,"{'SVM__alpha': 1e-05, 'SVM__gamma_frac': 1.4000000000000001, 'SVM__n_iter': 428}",48,0.5791886507797588,0.5676531365622366,0.6825325337840652,0.6213744136770292,0.5845656482234861,0.5836045835734144,0.5476034913135983,0.5425800589083161,0.5850903776068374,0.6069451622558163,1.8294830339350776,0.007883802820087972,0.045531209106637854,0.02794775214928783
22.638599348068237,0.0858034610748291,0.551000178947415,0.553647235803762,1e-05,1.6,428,"{'SVM__alpha': 1e-05, 'SVM__gamma_frac': 1.6, 'SVM__n_iter': 428}",165,0.559075792053212,0.5698680408806966,0.5470855717311169,0.5302867424303334,0.5997743333120525,0.6046400637949306,0.5459533262970967,0.5397223788932757,0.5030909182288787,0.5237189530195735,1.3135679210584605,0.0077840325171382365,0.030904915367305573,0.029995664436443793
23.979799795150758,0.07840180397033691,0.5795358511859108,0.5806510578890853,1e-05,1.8,428,"{'SVM__alpha': 1e-05, 'SVM__gamma_frac': 1.8, 'SVM__n_iter': 428}",91,0.5744042409542147,0.580778154121192,0.6167858939432543,0.5840225360583429,0.5843562364193614,0.5945433565257237,0.6138517418760673,0.611063644644848,0.5082349324245088,0.5328475980953197,1.7627079136794614,0.01674156184306427,0.03922524410570453,0.026132260450785722
23.18859930038452,0.07300081253051757,0.5861023786430823,0.5803814716474796,1e-05,2.0,428,"{'SVM__alpha': 1e-05, 'SVM__gamma_frac': 2.0, 'SVM__n_iter': 428}",67,0.6157727334528406,0.6049917234785437,0.6867555560361441,0.6370479251746368,0.5817962506910589,0.5869113745891138,0.5450613452070958,0.5386625763892959,0.5008520456929765,0.5342937586058079,1.9931426598684698,0.004147056840239083,0.0632166969145938,0.03930377742135177
22.8571994304657,0.08180122375488282,0.5803972077236219,0.6113811571697135,3.162277660168379e-06,0.2,428,"{'SVM__alpha': 3.162277660168379e-06, 'SVM__gamma_frac': 0.2, 'SVM__n_iter': 428}",89,0.5304370454678468,0.5329119749278747,0.6299523699138613,0.6355315662765383,0.5630278366017422,0.6375148393493749,0.5968711838943533,0.640382537008832,0.5817838444566092,0.6105648682859477,1.7922390855267973,0.009496160687598369,0.033268030279825944,0.04065801403441161
24.30539999008179,0.07780141830444336,0.564999257274339,0.5805007911422654,3.162277660168379e-06,0.4,428,"{'SVM__alpha': 3.162277660168379e-06, 'SVM__gamma_frac': 0.4, 'SVM__n_iter': 428}",139,0.5478989493066049,0.5443404285363086,0.6470365291650081,0.6440099276353651,0.5511132784289541,0.6038280933314625,0.6017802040870844,0.6157724238141016,0.47708541330192833,0.4945530823940893,1.3492350014494556,0.00790969002595268,0.05708383893308393,0.05388180022923848
22.333198738098144,0.06760158538818359,0.5538115542697086,0.5646032687846925,3.162277660168379e-06,0.6000000000000001,428,"{'SVM__alpha': 3.162277660168379e-06, 'SVM__gamma_frac': 0.6000000000000001, 'SVM__n_iter': 428}",162,0.46459620081184944,0.4675120176742157,0.6700405789500836,0.6511881550140856,0.5831047461996852,0.6161153917617835,0.5705662087679477,0.5696392218730212,0.4808565463488316,0.5185615576003559,1.532023011123503,0.011463870136144482,0.07476828369493954,0.06591259723520423
23.589800119400024,0.08380098342895508,0.5703806591894808,0.5645463951713834,3.162277660168379e-06,0.8,428,"{'SVM__alpha': 3.162277660168379e-06, 'SVM__gamma_frac': 0.8, 'SVM__n_iter': 428}",121,0.5580922374200862,0.539887533935773,0.6792344493727305,0.632628037121369,0.5409369061477419,0.5582196527323727,0.5482779105184493,0.5492036078404707,0.5252174826482512,0.5427931442269318,1.839845987416032,0.015117665359282537,0.05549831725270986,0.03461734284333966
23.65119915008545,0.07360076904296875,0.5712715976761907,0.5674125983800699,3.162277660168379e-06,1.0,428,"{'SVM__alpha': 3.162277660168379e-06, 'SVM__gamma_frac': 1.0, 'SVM__n_iter': 428}",113,0.5874988539087962,0.5735478129017185,0.6816544983882634,0.6293818929922186,0.5139436114005145,0.5374418572788865,0.535968571476437,0.5331495059639447,0.537047868595338,0.5635419227635811,1.8049185463359068,0.006020268742868122,0.060257592220741236,0.03453989370496704
22.281000518798827,0.06899986267089844,0.5648734614573616,0.5573628129277063,3.162277660168379e-06,1.2,428,"{'SVM__alpha': 3.162277660168379e-06, 'SVM__gamma_frac': 1.2, 'SVM__n_iter': 428}",141,0.57918883003156,0.5678615376936298,0.6402313493509013,0.5850014106816175,0.5800204385920825,0.5846660817614004,0.47418801421917467,0.4679802339908612,0.5505606123789769,0.5813048005110225,1.7304812190867291,0.004690868949860786,0.053920997956322096,0.04512659522578478
24.52500190734863,0.0838017463684082,0.5649882045157534,0.5567896218618686,3.162277660168379e-06,1.4000000000000001,428,"{'SVM__alpha': 3.162277660168379e-06, 'SVM__gamma_frac': 1.4000000000000001, 'SVM__n_iter': 428}",140,0.5869487301309462,0.5796956406250326,0.6476927128423715,0.5936572641463386,0.5800859561878811,0.5845256867372223,0.5360523361980868,0.5270111340895323,0.4739444626311993,0.49905838371121714,1.719513281386189,0.015691281333676626,0.057745518215662595,0.037075199879106
21.46120309829712,0.0693972110748291,0.5806142815745051,0.5797800027886456,3.162277660168379e-06,1.6,428,"{'SVM__alpha': 3.162277660168379e-06, 'SVM__gamma_frac': 1.6, 'SVM__n_iter': 428}",88,0.564710393171797,0.5457273585005384,0.625707315677559,0.6002872101877844,0.5751378156062279,0.5885422589403354,0.5931639837052713,0.5964647271931981,0.5443291509834205,0.5678784591213717,0.12049191632858375,0.007683521135009578,0.02753494543227699,0.02038103059862957
23.689399862289427,0.07220087051391602,0.5831868370907417,0.5825075054425198,3.162277660168379e-06,1.8,428,"{'SVM__alpha': 3.162277660168379e-06, 'SVM__gamma_frac': 1.8, 'SVM__n_iter': 428}",74,0.5817228231190728,0.5748391034393056,0.6384837939887825,0.6007477693618978,0.5724416782465734,0.5795054302905995,0.5883131460354157,0.5929539804892315,0.5348830712403111,0.5644912436315649,1.8317082883081404,0.011786504362938028,0.03326994199558515,0.012916954771862312
22.694200849533082,0.06600031852722169,0.5368319237246044,0.5449836928638756,3.162277660168379e-06,2.0,428,"{'SVM__alpha': 3.162277660168379e-06, 'SVM__gamma_frac': 2.0, 'SVM__n_iter': 428}",169,0.5747043980953062,0.582497238757082,0.5239275683875718,0.5195498439130475,0.5139854937613394,0.5281584398083344,0.5897120168869678,0.5893515907334294,0.48172253773600715,0.5053613511074846,1.6309364697153363,0.005549243785608211,0.03988278043214658,0.03428024581575121
24.59780011177063,0.06700081825256347,0.588111947087409,0.6135266700744916,1e-06,0.2,428,"{'SVM__alpha': 1e-06, 'SVM__gamma_frac': 0.2, 'SVM__n_iter': 428}",61,0.5743981463929743,0.5670192957164402,0.6243480909330724,0.6281668604125819,0.5628420600325913,0.6298047629184269,0.6125347340605921,0.6408518228433923,0.56642162089717,0.6017906084816168,1.5218533825707516,0.002828677337728005,0.025322854482856677,0.026558036316741265
23.30500292778015,0.07719793319702148,0.580795711389338,0.5945057203229678,1e-06,0.4,428,"{'SVM__alpha': 1e-06, 'SVM__gamma_frac': 0.4, 'SVM__n_iter': 428}",86,0.5586014917872651,0.5625185305275409,0.6264929879493156,0.6255655742077367,0.5720488443411497,0.6057810899856793,0.5810780474398105,0.5871495103617288,0.5657549442692931,0.5915138965321529,1.37323412386355,0.010928185390958611,0.02402471321315023,0.020871481164362878
23.509599351882933,0.08020071983337403,0.5709810913745237,0.5758326364625016,1e-06,0.6000000000000001,428,"{'SVM__alpha': 1e-06, 'SVM__gamma_frac': 0.6000000000000001, 'SVM__n_iter': 428}",116,0.49987940835074995,0.4954085839649893,0.6330892919375328,0.6234289356797066,0.5508200566249518,0.5564952562711342,0.5754329390958028,0.5843796887671379,0.5958209101195481,0.6194507176295404,1.5756328138750566,0.010513819931216587,0.04465390495186895,0.047080695194005755
24.880599117279054,0.07800102233886719,0.5700567534328763,0.5692486908690241,1e-06,0.8,428,"{'SVM__alpha': 1e-06, 'SVM__gamma_frac': 0.8, 'SVM__n_iter': 428}",122,0.5549083669273616,0.5308886010115204,0.6363971082682793,0.6058310166256867,0.5278015111155786,0.5396419544191682,0.5609405555729121,0.5706633515832911,0.5701745068182219,0.5992185307054544,1.3757151682626558,0.012328669285698313,0.03605768639029875,0.03028700863278295
22.752000284194946,0.0872004508972168,0.5829631364065903,0.5795474913470118,1e-06,1.0,428,"{'SVM__alpha': 1e-06, 'SVM__gamma_frac': 1.0, 'SVM__n_iter': 428}",76,0.5775967603463468,0.5669606876677711,0.6889519961811227,0.6262442395473745,0.538309048355789,0.5560500652182903,0.5541203866579552,0.5523876668546719,0.5556743807183572,0.5960947974469512,1.3961701708653953,0.009065623802308062,0.05447402148300799,0.027937832269674574
24.295199966430665,0.08020129203796386,0.6002482620122003,0.5952956030100343,1e-06,1.2,428,"{'SVM__alpha': 1e-06, 'SVM__gamma_frac': 1.2, 'SVM__n_iter': 428}",44,0.5820726330090937,0.5785803325113622,0.6604164315349332,0.6066385107277922,0.5942490764373459,0.5988838889468212,0.6069737979422857,0.622665277812664,0.5574885887546087,0.5697100050515314,1.2955885594489855,0.013436873954659385,0.03423881742947094,0.019103191047557186
24.641598415374755,0.08540353775024415,0.5589527064065052,0.5580264449003095,1e-06,1.4000000000000001,428,"{'SVM__alpha': 1e-06, 'SVM__gamma_frac': 1.4000000000000001, 'SVM__n_iter': 428}",153,0.5743542745146332,0.5762406571517902,0.6192836180933503,0.565741211852354,0.5026697401527778,0.517757706122654,0.5246528178678754,0.5353450573179251,0.5736470299520006,0.5950475920568241,1.351135640023627,0.01883312748959146,0.041074525493094996,0.02792080643268045
22.71000051498413,0.08539948463439942,0.5677025727830388,0.5675508803811066,1e-06,1.6,428,"{'SVM__alpha': 1e-06, 'SVM__gamma_frac': 1.6, 'SVM__n_iter': 428}",131,0.538571178515166,0.5481516899304103,0.6303138926979291,0.5959803232967775,0.5760115495703775,0.5809322912953393,0.5624809661649387,0.5618259243782443,0.5311278308514072,0.5508641730047614,1.3452121026653456,0.00960471795047816,0.035230879510601,0.018302159965380073
23.250400400161745,0.07500042915344238,0.5855885062787882,0.5873983521542783,1e-06,1.8,428,"{'SVM__alpha': 1e-06, 'SVM__gamma_frac': 1.8, 'SVM__n_iter': 428}",69,0.5861985613429689,0.5840635258563641,0.5863054772909491,0.5668747453453441,0.575363120068352,0.578876238494192,0.5932636410849207,0.5884731883603852,0.5868084146869893,0.6187040627151056,1.9487665992354846,0.006782801636018038,0.005756258364952031,0.017240468153206692
23.116800594329835,0.07659974098205566,0.5761158811926131,0.5763242861827714,1e-06,2.0,428,"{'SVM__alpha': 1e-06, 'SVM__gamma_frac': 2.0, 'SVM__n_iter': 428}",99,0.5542998966882244,0.5650388207662651,0.6550582890159294,0.6221102778327686,0.5350087183227858,0.5528743366217763,0.5836139451508602,0.5764454226130837,0.5525380937051038,0.5651525730799635,2.0222438738937702,0.007308754640273135,0.04245659912765628,0.024076713825354937
23.69160008430481,0.07400040626525879,0.5822589105785828,0.6056082218729971,3.162277660168379e-07,0.2,428,"{'SVM__alpha': 3.162277660168379e-07, 'SVM__gamma_frac': 0.2, 'SVM__n_iter': 428}",78,0.5759402944515564,0.5669144648654981,0.5990286553213212,0.5916932516015535,0.569376794998748,0.6327184639352538,0.5864190672051153,0.6183937483133018,0.5805226646961581,0.6183211806493785,2.224911656653234,0.006870053878745939,0.010074884216494875,0.023455862639819452
21.960796737670897,0.07380032539367676,0.5760108386078722,0.5910899237958052,3.162277660168379e-07,0.4,428,"{'SVM__alpha': 3.162277660168379e-07, 'SVM__gamma_frac': 0.4, 'SVM__n_iter': 428}",100,0.5276439887146651,0.5048413057633565,0.6224488347716074,0.641921019589082,0.5615928790025388,0.6013118927833803,0.5832447917586382,0.5933850648043066,0.5852098215720872,0.6139903360389007,1.8407246883398927,0.0091521036439914,0.03113644963407875,0.0461666754600937
24.485399675369262,0.06520061492919922,0.5598659754986933,0.5613667976576066,3.162277660168379e-07,0.6000000000000001,428,"{'SVM__alpha': 3.162277660168379e-07, 'SVM__gamma_frac': 0.6000000000000001, 'SVM__n_iter': 428}",149,0.5142074977622654,0.510560395373695,0.6479686758349458,0.6214273779220725,0.563652178086515,0.5831463429424066,0.5979124020235745,0.5871982200476872,0.475594627647701,0.5045016520021716,1.8971625739990154,0.008207291937254519,0.06068248960646938,0.04596481171648647
22.947000455856323,0.0720001220703125,0.5528811422768711,0.5486295944649009,3.162277660168379e-07,0.8,428,"{'SVM__alpha': 3.162277660168379e-07, 'SVM__gamma_frac': 0.8, 'SVM__n_iter': 428}",164,0.5627182782792794,0.541574052891842,0.6122612272445985,0.5841591939436057,0.5656975314762921,0.5845824012357096,0.5065428850471823,0.5003464396598246,0.5170504222873927,0.5324858845935226,2.2080595541147288,0.00918677449357671,0.03799224244261997,0.03223854781793885
23.009400796890258,0.07540016174316407,0.5597934071667786,0.5610669010085536,3.162277660168379e-07,1.0,428,"{'SVM__alpha': 3.162277660168379e-07, 'SVM__gamma_frac': 1.0, 'SVM__n_iter': 428}",150,0.5710287054730685,0.5677674640877316,0.5508030297807998,0.5258611929933626,0.5489022972814499,0.5719257227821362,0.5344021711815851,0.5253190867122057,0.5938077495498212,0.6144610384673317,2.1039136775365916,0.007364666919790223,0.020619176278901898,0.03325986642989541
24.957799911499023,0.07460122108459473,0.5611272302442343,0.5607999827138302,3.162277660168379e-07,1.2,428,"{'SVM__alpha': 3.162277660168379e-07, 'SVM__gamma_frac': 1.2, 'SVM__n_iter': 428}",147,0.5558418654950051,0.5603582773100195,0.6168234249102444,0.590379148688157,0.5786634501013552,0.5833301999122642,0.5558543163961065,0.55646842556036,0.49837582468632374,0.51346386209835,1.7023674993005042,0.011740788491736561,0.03847302042409293,0.026989640800522716
21.10720100402832,0.07759990692138671,0.5679643887916083,0.5690507794301547,3.162277660168379e-07,1.4000000000000001,428,"{'SVM__alpha': 3.162277660168379e-07, 'SVM__gamma_frac': 1.4000000000000001, 'SVM__n_iter': 428}",129,0.562760088761907,0.5674667869352664,0.6482568037267844,0.6105949125946569,0.5294097937712552,0.5516336245089177,0.5533800423532544,0.5470769917500109,0.5458955512782723,0.568481581361921,0.0710412941514307,0.008499061639008555,0.04162302822849367,0.022427450366089525
23.958801078796387,0.07979831695556641,0.5708374728035654,0.5711763009070238,3.162277660168379e-07,1.6,428,"{'SVM__alpha': 3.162277660168379e-07, 'SVM__gamma_frac': 1.6, 'SVM__n_iter': 428}",118,0.5812224417160528,0.5802289806512604,0.6416983911470171,0.6064601591472187,0.5262110680817018,0.549690277607575,0.5853478748890117,0.582587579118882,0.5195506860330703,0.5369145080101829,1.9988548615651256,0.017482658034692004,0.04463239599270686,0.024870217461955512
22.259600114822387,0.07700433731079101,0.5888249687649104,0.585317423668321,3.162277660168379e-07,1.8,428,"{'SVM__alpha': 3.162277660168379e-07, 'SVM__gamma_frac': 1.8, 'SVM__n_iter': 428}",57,0.551316071205627,0.5633074752451936,0.6994681911538204,0.6401238516843187,0.5802298503962071,0.5840881622058336,0.5850965807240622,0.5896732886298593,0.5279531479008788,0.549394340576399,1.8961337734903412,0.02384773280317404,0.05907596473980157,0.030981074621765182
24.96519989967346,0.07020015716552734,0.5781446759194778,0.5775471719876936,3.162277660168379e-07,2.0,428,"{'SVM__alpha': 3.162277660168379e-07, 'SVM__gamma_frac': 2.0, 'SVM__n_iter': 428}",94,0.561276287164612,0.5575990015603376,0.6420165708455574,0.5970330174804815,0.5807603753927321,0.587077674252252,0.5927586982871699,0.5994978365017253,0.5138598466788646,0.5465283301436714,1.8264401273187638,0.007359818719039804,0.0417519280969023,0.021505619606672247
21.8284019947052,0.06959867477416992,0.565105156520238,0.6096280987976221,1e-07,0.2,428,"{'SVM__alpha': 1e-07, 'SVM__gamma_frac': 0.2, 'SVM__n_iter': 428}",137,0.5460333861857269,0.5401329070909239,0.5930828580574773,0.6138881133153095,0.5371138389734158,0.6319421747227726,0.5763187623468068,0.6451560101172711,0.5729943442965507,0.6170212887418338,1.6447616385998585,0.0062426738310886335,0.020583448990857286,0.03650353166126001
23.629600286483765,0.07720036506652832,0.5753396877853498,0.5988808202662586,1e-07,0.4,428,"{'SVM__alpha': 1e-07, 'SVM__gamma_frac': 0.4, 'SVM__n_iter': 428}",104,0.5754720439338995,0.5789221930105267,0.6139247546914272,0.6332410817809521,0.5856073644132145,0.6325327971081526,0.5679860742282212,0.5819477945832326,0.5336416780654606,0.5677602348484291,2.1168628433517895,0.01270172982404508,0.026023528713994867,0.028166107697689353
23.589400005340575,0.07020440101623535,0.5612070242937055,0.5650417590000076,1e-07,0.6000000000000001,428,"{'SVM__alpha': 1e-07, 'SVM__gamma_frac': 0.6000000000000001, 'SVM__n_iter': 428}",146,0.546548107732842,0.5297564080366061,0.5816515923289948,0.5610861368091924,0.5641749605060657,0.5822834850441938,0.5919423318377935,0.5982977742899969,0.5217333230098973,0.553784990820049,2.0165989193051486,0.00716809052950474,0.025070811149509355,0.023624806620732325
22.05079927444458,0.07240104675292969,0.5551998652507141,0.5530261504331334,1e-07,0.8,428,"{'SVM__alpha': 1e-07, 'SVM__gamma_frac': 0.8, 'SVM__n_iter': 428}",159,0.5043052249480148,0.4937832224624843,0.6355233531148111,0.6019891824512862,0.5476034913135983,0.5515225170344357,0.5310599587877569,0.5302343798959704,0.5575440545838094,0.5876014503214906,1.718286686485436,0.011910282962206654,0.0440409288760299,0.03904940485828785
24.73900170326233,0.0884012222290039,0.5694590806774428,0.5633626192981481,1e-07,1.0,428,"{'SVM__alpha': 1e-07, 'SVM__gamma_frac': 1.0, 'SVM__n_iter': 428}",125,0.5628100552014885,0.5677965533063322,0.6692921222590398,0.610869420903941,0.5279531479008788,0.5405531287399663,0.5510135757710769,0.5421264317218245,0.5360783259009122,0.5554675618186764,1.8806085778641304,0.020636465862062043,0.051364898531516406,0.025729890883973247
21.124999713897704,0.07020015716552734,0.554363885927578,0.5541303525453676,1e-07,1.2,428,"{'SVM__alpha': 1e-07, 'SVM__gamma_frac': 1.2, 'SVM__n_iter': 428}",160,0.5516162731596689,0.5557096946858701,0.6128892063777412,0.5775060166826322,0.577745479308529,0.5833079530455372,0.5591546464291098,0.551576110797769,0.4703230194057957,0.5025519875150296,0.1373750144952448,0.008059275412879683,0.04703149621062723,0.028520519828749376
24.568199348449706,0.07440052032470704,0.5539776671521454,0.5565697707071455,1e-07,1.4000000000000001,428,"{'SVM__alpha': 1e-07, 'SVM__gamma_frac': 1.4000000000000001, 'SVM__n_iter': 428}",161,0.5624098755553333,0.5706591873571224,0.5470258285591735,0.5301748138473107,0.582031652198009,0.5868101959576415,0.5327520061650834,0.52455348749765,0.545651999690297,0.5706511688760033,1.5382026742633406,0.009727532581335315,0.016882912918276843,0.0246293194929968
21.466000175476076,0.06839995384216309,0.5869573940685686,0.5851345285441939,1e-07,1.6,428,"{'SVM__alpha': 1e-07, 'SVM__gamma_frac': 1.6, 'SVM__n_iter': 428}",64,0.5823727005242847,0.577009070963505,0.6537663316588573,0.6143500484956823,0.5770132850848537,0.5792877611279369,0.5688881070848202,0.5790255982318202,0.552647848129579,0.5760001639020251,0.12314704831862382,0.005122265931837235,0.03489539378415491,0.014659536166801039
24.463196277618408,0.08439970016479492,0.5818229610930563,0.5840852817652442,1e-07,1.8,428,"{'SVM__alpha': 1e-07, 'SVM__gamma_frac': 1.8, 'SVM__n_iter': 428}",80,0.5778383469613996,0.5776963871314859,0.6409482223590397,0.6062950920250265,0.5737967197735002,0.5811024051903322,0.5884907725235412,0.6016045272479505,0.5279531479008788,0.5537279972314259,1.639542412988471,0.01645090163962251,0.03611606428533962,0.018822751582212895
23.136403131484986,0.07679758071899415,0.5884806378489703,0.586895057861045,1e-07,2.0,428,"{'SVM__alpha': 1e-07, 'SVM__gamma_frac': 2.0, 'SVM__n_iter': 428}",59,0.5727121935768882,0.5814595461731425,0.6607637619365258,0.616835868017307,0.5832346494355842,0.5756514999783916,0.5846358747549882,0.5905861586346639,0.5409869385895922,0.5699422165017201,2.17907520735258,0.0044418893180215606,0.03942907527376436,0.016452583681955093
22.521799993515014,0.07400012016296387,0.5811713185110988,0.6120437505630096,3.162277660168379e-08,0.2,428,"{'SVM__alpha': 3.162277660168379e-08, 'SVM__gamma_frac': 0.2, 'SVM__n_iter': 428}",84,0.5659202083909739,0.5681483683554298,0.6042050001790943,0.6334495269712455,0.5530007919162063,0.6055387086600907,0.6169384039515214,0.6436796867289342,0.5658049767111434,0.6094024620993481,2.0116501099966135,0.003577156261218393,0.0247817856815127,0.026211204759760107
24.625999164581298,0.06980018615722657,0.5740753742120867,0.594504611568973,3.162277660168379e-08,0.4,428,"{'SVM__alpha': 3.162277660168379e-08, 'SVM__gamma_frac': 0.4, 'SVM__n_iter': 428}",106,0.5349537427283146,0.5231968740339041,0.6644446802332327,0.6569149067765356,0.6089249273397637,0.6491690175781961,0.567154630128948,0.5973212590483348,0.49487812685782234,0.5459210004078944,1.730709780722259,0.010534254753431718,0.0587081349754044,0.053546870013251854
21.926799297332764,0.07440099716186524,0.575924635117864,0.5763859166005225,3.162277660168379e-08,0.6000000000000001,428,"{'SVM__alpha': 3.162277660168379e-08, 'SVM__gamma_frac': 0.6000000000000001, 'SVM__n_iter': 428}",101,0.5831819327807539,0.5706658604668305,0.6644171965719313,0.6296612977668541,0.5837415391971356,0.5974371025978471,0.5722679456860489,0.575390686017931,0.47583817923567634,0.5087746361531501,1.7379958799338984,0.005952978660672574,0.059950817306885444,0.03971501841905711
23.73819718360901,0.07220091819763183,0.564617404276055,0.5681763369603529,3.162277660168379e-08,0.8,428,"{'SVM__alpha': 3.162277660168379e-08, 'SVM__gamma_frac': 0.8, 'SVM__n_iter': 428}",142,0.569878222600085,0.5823711280065241,0.6447170433167282,0.6069875957537706,0.506433130622707,0.510531102608165,0.5475197265919485,0.5524221344864323,0.554383724831531,0.5885697239468723,2.3548787561826545,0.0037101967305158976,0.045225371217613865,0.033748671303812816
21.271800661087035,0.0768002986907959,0.565575898100322,0.5635328447666975,3.162277660168379e-08,1.0,428,"{'SVM__alpha': 3.162277660168379e-08, 'SVM__gamma_frac': 1.0, 'SVM__n_iter': 428}",136,0.5619182326776213,0.5675379752513269,0.6319032142592442,0.5834855626699454,0.5854176939164626,0.5986502524454851,0.5410028312475917,0.5400764554740866,0.507536470480633,0.5279139779926434,0.12629696313434907,0.019156114999587005,0.041898353357854426,0.0263297938196181
24.789199590682983,0.07360038757324219,0.5692738849682494,0.5677220539463004,3.162277660168379e-08,1.2,428,"{'SVM__alpha': 3.162277660168379e-08, 'SVM__gamma_frac': 1.2, 'SVM__n_iter': 428}",126,0.5748543422270012,0.5734330783758855,0.6412148589288446,0.6048668532734379,0.5544655425893803,0.5682248311229817,0.5429562698346936,0.5329908812795386,0.532736113507084,0.5590946256796584,1.80582922916368,0.013016796517486188,0.038613126145661696,0.023209013659707727
23.290799283981322,0.07760019302368164,0.5815530164613635,0.5783679935437688,3.162277660168379e-08,1.4000000000000001,428,"{'SVM__alpha': 3.162277660168379e-08, 'SVM__gamma_frac': 1.4000000000000001, 'SVM__n_iter': 428}",82,0.5624098755553333,0.5732302000129674,0.6709423584270424,0.6198191878944281,0.5757241686577766,0.5821783484071607,0.5641730135422651,0.5619102011419522,0.5344281608844106,0.5547020302623354,3.2277179311781414,0.015512486528548688,0.046727779814605575,0.02275985056376994
26.29439730644226,0.08700118064880372,0.5712198586154094,0.5697593642047594,3.162277660168379e-08,1.6,428,"{'SVM__alpha': 3.162277660168379e-08, 'SVM__gamma_frac': 1.6, 'SVM__n_iter': 428}",114,0.5407635624825622,0.553034405151765,0.6584326518511711,0.6232454237228374,0.5799366738704327,0.5870011993264286,0.5638197075298146,0.5562171260363441,0.5131016627523639,0.5292986667864217,4.360066902529741,0.01395656085004674,0.04908350405957608,0.03242907321107685
24.395799827575683,0.07580103874206542,0.5828154833114657,0.5832909695501193,3.162277660168379e-08,1.8,428,"{'SVM__alpha': 3.162277660168379e-08, 'SVM__gamma_frac': 1.8, 'SVM__n_iter': 428}",77,0.545389379277004,0.5553044721479776,0.6462938845925017,0.6101693230319324,0.5731339370732244,0.5883261966602721,0.5916134760684191,0.5864385536128344,0.5576662152427343,0.5762163022975799,2.702167836208333,0.010666054539947584,0.03532458104611603,0.017838170516901137
22.45020031929016,0.08160200119018554,0.5650791675849662,0.564216889438118,3.162277660168379e-08,2.0,428,"{'SVM__alpha': 3.162277660168379e-08, 'SVM__gamma_frac': 2.0, 'SVM__n_iter': 428}",138,0.5562421795800113,0.5619780849537458,0.6641575886105905,0.6159252023771438,0.5179424033773935,0.5376954487249259,0.5624130941012884,0.5548453134465542,0.5245011810825753,0.5506403976882203,2.2501683621786697,0.01125435075028644,0.0524844881193103,0.02703440864832639
24.89399948120117,0.07360005378723145,0.5636254169481073,0.5976213228664425,1e-08,0.2,428,"{'SVM__alpha': 1e-08, 'SVM__gamma_frac': 0.2, 'SVM__n_iter': 428}",143,0.565770085007478,0.5727846137818341,0.6080876755828619,0.6199087496721118,0.5497167620452538,0.6201159289680084,0.5503097709963066,0.5882894878501492,0.544159312350497,0.5870078340601094,2.002625275612301,0.011741753388659805,0.02337422771635627,0.01907526201576072
21.134203481674195,0.07179698944091797,0.5530214329709608,0.5708333858753135,1e-08,0.4,428,"{'SVM__alpha': 1e-08, 'SVM__gamma_frac': 0.4, 'SVM__n_iter': 428}",163,0.5153493765487916,0.5071441108492554,0.629813599951881,0.6209247616458671,0.5486967794049263,0.5943745619659178,0.5713007574594748,0.5900521450318107,0.49994417194497603,0.5416713498837166,0.19210289182760865,0.010457685186423505,0.04580487475722184,0.04083978868297717
24.06259903907776,0.0862006664276123,0.5571904944264602,0.5617349135518582,1e-08,0.6000000000000001,428,"{'SVM__alpha': 1e-08, 'SVM__gamma_frac': 0.6000000000000001, 'SVM__n_iter': 428}",156,0.557050739642226,0.5494726773607136,0.6272839767326026,0.6122223180204837,0.5492536563301,0.5597759481305062,0.5913497756690198,0.6003759597846338,0.4608947792844863,0.48682766446295406,2.349676038249322,0.010166574021169975,0.0555129044164605,0.04428860894618091
22.290599489212035,0.08300395011901855,0.5678256141278349,0.5753495123183135,1e-08,0.8,428,"{'SVM__alpha': 1e-08, 'SVM__gamma_frac': 0.8, 'SVM__n_iter': 428}",130,0.5689363440107358,0.5742341794022443,0.6666759480342537,0.6389465696600036,0.5475616089527734,0.5605760149768224,0.5746453243211549,0.5862858828513235,0.481135777180407,0.5167049147011743,1.742055985103495,0.009801961210444536,0.059570789748772314,0.03955471886854056
24.93339958190918,0.08000044822692871,0.5597080674423298,0.549889945161908,1e-08,1.0,428,"{'SVM__alpha': 1e-08, 'SVM__gamma_frac': 1.0, 'SVM__n_iter': 428}",152,0.5460978720212047,0.5399646718053851,0.6767978651052342,0.6104793675849264,0.5317502706506074,0.5480740032020941,0.5447580716364955,0.5377528947778599,0.4989823718275244,0.5131787884392747,1.8701306508936437,0.012946529020795019,0.060980352643961976,0.03245890887228573
23.235998916625977,0.07340044975280761,0.5716366243902443,0.5653064675791166,1e-08,1.2,428,"{'SVM__alpha': 1e-08, 'SVM__gamma_frac': 1.2, 'SVM__n_iter': 428}",112,0.5727121935768882,0.5741860290011482,0.6519215472129878,0.5944328772418751,0.5600225847800859,0.5743563652890693,0.5750098140559013,0.5745035007628886,0.49837582468632374,0.5090535656006016,2.2001260212864158,0.005275795635563086,0.048906010290757626,0.029182424161946847
23.275601816177367,0.07819881439208984,0.5845147246695499,0.5767218936346129,1e-08,1.4000000000000001,428,"{'SVM__alpha': 1e-08, 'SVM__gamma_frac': 1.4000000000000001, 'SVM__n_iter': 428}",71,0.5954592023348623,0.5966099556917951,0.6907232505692159,0.6304706343060591,0.5950154104448722,0.5919845989605838,0.5419126519593926,0.5366930922738801,0.4992437630372998,0.5278511869407467,2.4379454275519947,0.014933108327702161,0.0641793377826863,0.03875064701694418
25.15899977684021,0.08160042762756348,0.5348943236197073,0.5352925222603417,1e-08,1.6,428,"{'SVM__alpha': 1e-08, 'SVM__gamma_frac': 1.6, 'SVM__n_iter': 428}",170,0.5846065364707059,0.5836130754059137,0.550650247657074,0.5366529990999169,0.5673635891507932,0.5674761337761902,0.4833727027525087,0.47482818407804306,0.4882813154411888,0.5138922189416445,2.0331012115843223,0.01121787237193253,0.041475554488527556,0.038694756176215254
21.505599880218504,0.07600111961364746,0.5817722046423691,0.5810997601231627,1e-08,1.8,428,"{'SVM__alpha': 1e-08, 'SVM__gamma_frac': 1.8, 'SVM__n_iter': 428}",81,0.5829645003459112,0.5833328104509548,0.6832173275022916,0.6317054136339877,0.5212846157712218,0.5410144605056589,0.5900889581343921,0.5848499091307889,0.5311278308514072,0.5645962068944229,0.05516779947198841,0.007402848463775493,0.057594948134043616,0.029863626079906707
24.028600215911865,0.0824000358581543,0.5709673504175542,0.5793372945005874,1e-08,2.0,428,"{'SVM__alpha': 1e-08, 'SVM__gamma_frac': 2.0, 'SVM__n_iter': 428}",117,0.5484322682280933,0.5630706038748805,0.625129347796948,0.595201255367063,0.5283401861931287,0.5443679399181522,0.5936607764219967,0.5946179074210659,0.5592586052404115,0.5994287659217751,2.05764762882497,0.017048401555117998,0.03438372423426824,0.02180041556159655
21.77000069618225,0.07080154418945313,0.584590581039885,0.6074045389867576,3.1622776601683795e-09,0.2,428,"{'SVM__alpha': 3.1622776601683795e-09, 'SVM__gamma_frac': 0.2, 'SVM__n_iter': 428}",70,0.5708461823265073,0.5574305542954562,0.6166714988349856,0.6191603264602653,0.573409726759478,0.6340947842535991,0.5958256190552516,0.6156578953711379,0.5661920150033937,0.6106791345533293,1.8636257534169578,0.004919360397721823,0.01901783327327118,0.02617941078475628
24.675598764419554,0.07740025520324707,0.5704697274332479,0.5865476948731263,3.1622776601683795e-09,0.4,428,"{'SVM__alpha': 3.1622776601683795e-09, 'SVM__gamma_frac': 0.4, 'SVM__n_iter': 428}",120,0.5008211973141986,0.4954363221685792,0.6260331547571176,0.6269326427774649,0.5875964822439166,0.6304501250281521,0.6004487977951314,0.6151836493437111,0.5375923845642898,0.5647357350477249,1.6016523007624353,0.02077100529781278,0.04521636604832171,0.05129411098113755
22.320797824859618,0.07060141563415527,0.5906520886743433,0.5944283269371622,3.1622776601683795e-09,0.6000000000000001,428,"{'SVM__alpha': 3.1622776601683795e-09, 'SVM__gamma_frac': 0.6000000000000001, 'SVM__n_iter': 428}",55,0.5546581314129013,0.5447766057110175,0.6765546121751267,0.6392189596252921,0.573491137013276,0.6120370602945484,0.5625166454085386,0.5619020440984404,0.5860160909766378,0.6142069649565122,1.6166576775643504,0.007812681977438554,0.04424797700282067,0.035300751507519754
23.83180088996887,0.08740015029907226,0.5484489415429278,0.5495953955924158,3.1622776601683795e-09,0.8,428,"{'SVM__alpha': 3.1622776601683795e-09, 'SVM__gamma_frac': 0.8, 'SVM__n_iter': 428}",166,0.5531161177931702,0.5444030444077503,0.5935251197285154,0.5695740864618939,0.5759017951459023,0.585061366423613,0.5845276597902622,0.5822149937877072,0.43508084653986046,0.46672348688111437,2.3302087754223657,0.014719914712909853,0.05821931719813889,0.0438537002465218
24.041600036621094,0.07060074806213379,0.5696014297470073,0.5668367897708889,3.1622776601683795e-09,1.0,428,"{'SVM__alpha': 3.1622776601683795e-09, 'SVM__gamma_frac': 1.0, 'SVM__n_iter': 428}",124,0.5220174539271336,0.5159290124707729,0.6398049471040894,0.5992577867396853,0.6056765314341833,0.6232637189504824,0.5652344710393663,0.5529609729657226,0.5153164925492412,0.5427724577277818,2.178391855703544,0.007337895336091625,0.047884279637563185,0.03898294893775794
22.081199741363527,0.06760039329528808,0.5414002594361366,0.5436193087520311,3.1622776601683795e-09,1.2,428,"{'SVM__alpha': 3.1622776601683795e-09, 'SVM__gamma_frac': 1.2, 'SVM__n_iter': 428}",168,0.5749719762215316,0.5660236089590497,0.5575392751657411,0.5470466863738424,0.5909227567015173,0.5970538357260239,0.5558543163961066,0.5548223350253807,0.4275703657620529,0.4531500776758592,1.629077744903511,0.005082209783422433,0.05829754267653875,0.04833040001336264
24.860799312591553,0.08059992790222167,0.5706500011315914,0.5763635622031357,3.1622776601683795e-09,1.4000000000000001,428,"{'SVM__alpha': 3.1622776601683795e-09, 'SVM__gamma_frac': 1.4000000000000001, 'SVM__n_iter': 428}",119,0.5778383469613997,0.5793060932529348,0.6224232434279695,0.5978638140721827,0.5393286234920652,0.5665918958821266,0.5541622690187801,0.5470148941948152,0.5593842523228862,0.5910411136136193,1.9095991211835466,0.007282828960286818,0.028679169083609405,0.018128318241748962
21.156998920440675,0.07860145568847657,0.5660570413023596,0.5655870421931716,3.1622776601683795e-09,1.6,428,"{'SVM__alpha': 3.1622776601683795e-09, 'SVM__gamma_frac': 1.6, 'SVM__n_iter': 428}",134,0.5778884478398321,0.5750539883121938,0.5575906831289291,0.5303093216345873,0.5913381391644447,0.6062471028541025,0.5443031612805951,0.5393108562595309,0.5591387537711104,0.577013941905443,0.16360862938426532,0.006621389619736163,0.016559485448358953,0.027598525880322588
24.68739938735962,0.07220449447631835,0.5802059874421989,0.5845512868211757,3.1622776601683795e-09,1.8,428,"{'SVM__alpha': 3.1622776601683795e-09, 'SVM__gamma_frac': 1.8, 'SVM__n_iter': 428}",90,0.567486017687313,0.5719501839500207,0.6042024320336941,0.5776266557381003,0.5886920342466404,0.5936444706281736,0.5896701345261429,0.5910206596895824,0.5509817904550778,0.5885144641000016,1.7125544993893689,0.010108208362286814,0.018724330823160835,0.00833047250049901
22.334599447250366,0.08160080909729003,0.5729098028538571,0.5753390024908992,3.1622776601683795e-09,2.0,428,"{'SVM__alpha': 3.1622776601683795e-09, 'SVM__gamma_frac': 2.0, 'SVM__n_iter': 428}",108,0.5904012542607032,0.6092133457898048,0.6085646297443952,0.5819293426346163,0.5574625990517834,0.5630375138583052,0.5917492201957196,0.5867582302200998,0.5162503560000671,0.53575657995167,1.9866988050460002,0.011993080070327193,0.0327986240978163,0.02465521152099595
23.619803190231323,0.07639689445495605,0.5666687615877005,0.5960252323695465,1e-09,0.2,428,"{'SVM__alpha': 1e-09, 'SVM__gamma_frac': 0.2, 'SVM__n_iter': 428}",132,0.5502090568944321,0.5452592007089946,0.6074373490792185,0.6159640636164924,0.5602300948986378,0.6084871944565595,0.5760197449296309,0.6262052528653888,0.5394341217631161,0.5842104502002978,2.1963999254050792,0.01345889112291854,0.02368339087345373,0.028915290681398136
22.95140061378479,0.0768002986907959,0.5726758241666277,0.5829500515399386,1e-09,0.4,428,"{'SVM__alpha': 1e-09, 'SVM__gamma_frac': 0.4, 'SVM__n_iter': 428}",110,0.5295863612323526,0.5289416187974915,0.6492259857567052,0.650620908076688,0.5994908463270527,0.6195310659881563,0.6075245623066903,0.6167826286180547,0.4775678528204034,0.4988740362193029,2.1299102236576712,0.012170847240411205,0.06114380257587715,0.05839151629083785
22.83800001144409,0.08499994277954101,0.5462152929614618,0.556491032381029,1e-09,0.6000000000000001,428,"{'SVM__alpha': 1e-09, 'SVM__gamma_frac': 0.6000000000000001, 'SVM__n_iter': 428}",167,0.5546084786639718,0.555219327111994,0.6093564295209665,0.5800451603278602,0.576604151017379,0.6094534171923076,0.5760852625254294,0.5864761715802176,0.4142852809083899,0.45126108569276563,2.341536006225175,0.01664860164599358,0.06820798130575335,0.05537847711039806
24.588798093795777,0.07400045394897461,0.573260783427554,0.5831451028728087,1e-09,0.8,428,"{'SVM__alpha': 1e-09, 'SVM__gamma_frac': 0.8, 'SVM__n_iter': 428}",107,0.5791386395272271,0.5667683432649895,0.628611933180461,0.6186247290781275,0.5486649488106994,0.5721271455159899,0.5983219888733282,0.6235683246904192,0.5114514977358622,0.5346369718145181,1.450376947566917,0.006163797095302209,0.04037003439074309,0.03357223006034054
22.12799744606018,0.06540136337280274,0.588295404728055,0.5790398460568462,1e-09,1.0,428,"{'SVM__alpha': 1e-09, 'SVM__gamma_frac': 1.0, 'SVM__n_iter': 428}",60,0.5645603594142015,0.5523088790006649,0.6699463685635574,0.6086002969650136,0.5838074642969854,0.5869059619319364,0.5587777051816857,0.5621609424856969,0.5643265972913659,0.5852231499009188,1.5541080706423356,0.007473681860985562,0.04171469387597143,0.01986641018808103
23.778199195861816,0.0756002426147461,0.5756830517751512,0.574738037639174,1e-09,1.2,428,"{'SVM__alpha': 1e-09, 'SVM__gamma_frac': 1.2, 'SVM__n_iter': 428}",103,0.5695281438323623,0.5754217979092957,0.5880475359208074,0.5562058532912739,0.5834045333467356,0.5893192797072633,0.6068539464729845,0.6024843927298881,0.5305810056928316,0.5502588645581491,2.008409449866006,0.009625008109763066,0.025507853727954912,0.01962453637980034
22.27199993133545,0.0780003547668457,0.5785218527184236,0.5798865916766639,1e-09,1.4000000000000001,428,"{'SVM__alpha': 1e-09, 'SVM__gamma_frac': 1.4000000000000001, 'SVM__n_iter': 428}",92,0.5527078718159615,0.5705540060336669,0.597620500648682,0.5629469481788619,0.6009451377295775,0.611358723262425,0.5509038213466018,0.5416995675878925,0.5904876329312174,0.6128737133204731,1.895246064876973,0.008785743424021544,0.022091893344892765,0.027967633958802578
24.086800956726073,0.079799222946167,0.5818860993387296,0.5831798658179391,1e-09,1.6,428,"{'SVM__alpha': 1e-09, 'SVM__gamma_frac': 1.6, 'SVM__n_iter': 428}",79,0.559075792053212,0.5697802220786039,0.6414497315950143,0.5937075441207093,0.5771230395093289,0.5863756272445083,0.5869980399055134,0.5825531114871216,0.544760018600296,0.5834828241587525,2.293381473196716,0.012154999691837,0.0331587386817863,0.007759896373415522
22.61359872817993,0.05920066833496094,0.5558016984056635,0.5554588180544586,1e-09,1.8,428,"{'SVM__alpha': 1e-09, 'SVM__gamma_frac': 1.8, 'SVM__n_iter': 428}",158,0.560617805672943,0.5642151849225819,0.6340356309899456,0.5930992780838905,0.5541622690187801,0.5601568554220913,0.5508619389857768,0.5491414426270601,0.4791803916295046,0.5106813292166692,1.6286198027381573,0.006910913533345167,0.04907106442786879,0.026685136259622714
20.799800825119018,0.046399593353271484,0.5582582242755061,0.562702469083999,1e-09,2.0,428,"{'SVM__alpha': 1e-09, 'SVM__gamma_frac': 2.0, 'SVM__n_iter': 428}",155,0.5846565477232378,0.5854094250990213,0.5842868699511444,0.5706221967806426,0.5736710726910255,0.579257145785777,0.5866210986580892,0.5905730413982856,0.4619205575379872,0.48765053635626854,2.7069767273240557,0.003719486719270575,0.0483504994481178,0.038110226098125394
